timestamp,location,sensor,value
2023-12-31T19:16:00.000Z,zone-b,temperature,24.7
2023-12-31T20:18:00.000Z,zone-d,temperature,27.9
2023-12-31T20:33:00.000Z,zone-b,humidity,40.5
2023-12-31T21:19:00.000Z,zone-a,pressure,1014.3
2024-01-01T00:11:00.000Z,zone-c,temperature,34.8
2024-01-01T03:01:00.000Z,zone-c,light,544.7
2024-01-01T03:08:00.000Z,zone-d,light,426.3
2024-01-01T07:58:00.000Z,zone-a,light,108.3
2024-01-01T09:46:00.000Z,zone-d,pressure,995.4
2024-01-01T11:18:00.000Z,zone-b,pressure,990.1
2024-01-01T12:36:00.000Z,zone-a,temperature,33.9
2024-01-01T12:49:00.000Z,zone-c,humidity,52.3
2024-01-01T13:26:00.000Z,zone-c,pressure,1009.2
2024-01-01T13:50:00.000Z,zone-a,humidity,49.3
2024-01-01T14:28:00.000Z,zone-b,light,601.6
2024-01-01T16:32:00.000Z,zone-d,humidity,60.9
2024-01-01T18:41:00.000Z,zone-d,temperature,34.7
2024-01-01T20:15:00.000Z,zone-b,pressure,994.8
2024-01-01T21:08:00.000Z,zone-a,humidity,44.9
2024-01-01T22:26:00.000Z,zone-b,temperature,18.2
2024-01-01T23:49:00.000Z,zone-b,light,838.2
2024-01-02T07:19:00.000Z,zone-c,temperature,27.5
2024-01-02T08:08:00.000Z,zone-b,humidity,57.8
2024-01-02T09:34:00.000Z,zone-a,temperature,27.7
2024-01-02T09:48:00.000Z,zone-c,pressure,1018.8
2024-01-02T10:29:00.000Z,zone-d,humidity,32.8
2024-01-02T12:57:00.000Z,zone-c,light,701.7
2024-01-02T13:38:00.000Z,zone-a,pressure,1019.5
2024-01-02T15:01:00.000Z,zone-d,pressure,1010.5
2024-01-02T15:15:00.000Z,zone-d,light,588.9
2024-01-02T15:34:00.000Z,zone-a,light,203
2024-01-02T16:24:00.000Z,zone-c,humidity,55.7
2024-01-02T18:48:00.000Z,zone-b,humidity,37.6
2024-01-02T19:07:00.000Z,zone-d,temperature,26.1
2024-01-02T19:30:00.000Z,zone-b,light,541.5
2024-01-02T21:34:00.000Z,zone-b,pressure,1015.8
2024-01-02T21:56:00.000Z,zone-c,humidity,70.1
2024-01-02T23:46:00.000Z,zone-c,temperature,20.7
2024-01-03T05:51:00.000Z,zone-d,humidity,56.3
2024-01-03T09:33:00.000Z,zone-a,temperature,24.1
2024-01-03T13:09:00.000Z,zone-b,temperature,17.3
2024-01-03T13:25:00.000Z,zone-a,light,229.7
2024-01-03T13:45:00.000Z,zone-d,light,802.6
2024-01-03T14:07:00.000Z,zone-c,light,800.3
2024-01-03T14:35:00.000Z,zone-d,pressure,991.7
2024-01-03T16:22:00.000Z,zone-a,pressure,1016
2024-01-03T16:34:00.000Z,zone-c,pressure,1011.3
2024-01-03T18:01:00.000Z,zone-a,humidity,75.8
2024-01-03T20:22:00.000Z,zone-a,light,203.8
2024-01-03T20:48:00.000Z,zone-a,pressure,991.1
2024-01-03T22:37:00.000Z,zone-d,temperature,26.9
2024-01-04T01:50:00.000Z,zone-c,temperature,16.6
2024-01-04T05:57:00.000Z,zone-b,light,577.7
2024-01-04T06:47:00.000Z,zone-b,pressure,1001.2
2024-01-04T07:44:00.000Z,zone-c,pressure,991.1
2024-01-04T10:12:00.000Z,zone-a,temperature,33.7
2024-01-04T10:41:00.000Z,zone-c,humidity,78.9
2024-01-04T10:50:00.000Z,zone-a,humidity,31.6
2024-01-04T10:59:00.000Z,zone-d,humidity,76.1
2024-01-04T12:12:00.000Z,zone-d,pressure,1009.8
2024-01-04T14:25:00.000Z,zone-b,temperature,28.2
2024-01-04T14:40:00.000Z,zone-c,light,675.7
2024-01-04T15:20:00.000Z,zone-b,humidity,57.5
2024-01-04T16:19:00.000Z,zone-d,light,234.1
2024-01-04T20:04:00.000Z,zone-a,humidity,48.9
2024-01-04T22:27:00.000Z,zone-d,pressure,1006.8
2024-01-04T23:09:00.000Z,zone-d,light,480.7
2024-01-05T00:22:00.000Z,zone-b,pressure,992
2024-01-05T02:17:00.000Z,zone-a,light,849.1
2024-01-05T07:44:00.000Z,zone-b,humidity,67.3
2024-01-05T09:19:00.000Z,zone-c,humidity,54.7
2024-01-05T09:25:00.000Z,zone-a,pressure,1019.3
2024-01-05T11:29:00.000Z,zone-b,temperature,26.8
2024-01-05T12:48:00.000Z,zone-d,humidity,70.2
2024-01-05T13:10:00.000Z,zone-c,pressure,1010.2
2024-01-05T13:28:00.000Z,zone-c,light,684.2
2024-01-05T13:29:00.000Z,zone-c,temperature,16.3
2024-01-05T14:26:00.000Z,zone-a,temperature,23.3
2024-01-05T16:50:00.000Z,zone-d,temperature,24.4
2024-01-05T17:25:00.000Z,zone-b,light,192.6
2024-01-05T19:52:00.000Z,zone-d,temperature,21.3
2024-01-06T03:44:00.000Z,zone-c,pressure,1016.4
2024-01-06T03:47:00.000Z,zone-d,pressure,998.7
2024-01-06T03:55:00.000Z,zone-a,light,293.2
2024-01-06T04:11:00.000Z,zone-a,temperature,26
2024-01-06T06:41:00.000Z,zone-b,humidity,37.5
2024-01-06T08:16:00.000Z,zone-b,light,550
2024-01-06T09:00:00.000Z,zone-d,light,644.2
2024-01-06T09:16:00.000Z,zone-d,humidity,71.1
2024-01-06T10:26:00.000Z,zone-c,temperature,32
2024-01-06T13:14:00.000Z,zone-a,humidity,38.1
2024-01-06T13:30:00.000Z,zone-b,pressure,993
2024-01-06T14:31:00.000Z,zone-c,light,328.9
2024-01-06T15:27:00.000Z,zone-c,humidity,52.3
2024-01-06T16:28:00.000Z,zone-b,temperature,24.8
2024-01-06T17:43:00.000Z,zone-a,pressure,999.8
2024-01-06T18:48:00.000Z,zone-a,light,632.2
2024-01-06T23:33:00.000Z,zone-d,humidity,41.6
2024-01-07T03:19:00.000Z,zone-c,humidity,36.5
2024-01-07T07:51:00.000Z,zone-b,temperature,15.4
2024-01-07T09:25:00.000Z,zone-a,humidity,63.3
2024-01-07T09:58:00.000Z,zone-c,light,705.4
2024-01-07T10:13:00.000Z,zone-c,pressure,1014.3
2024-01-07T10:39:00.000Z,zone-d,temperature,33.7
2024-01-07T11:51:00.000Z,zone-b,humidity,44.6
2024-01-07T12:20:00.000Z,zone-d,light,752.3
2024-01-07T12:55:00.000Z,zone-b,light,547.1
2024-01-07T13:53:00.000Z,zone-c,temperature,23.9
2024-01-07T14:46:00.000Z,zone-b,pressure,1012.9
2024-01-07T16:04:00.000Z,zone-d,pressure,996.6
2024-01-07T17:00:00.000Z,zone-a,pressure,991.3
2024-01-07T17:54:00.000Z,zone-a,temperature,29.4
2024-01-07T20:09:00.000Z,zone-c,light,851.5
2024-01-07T21:16:00.000Z,zone-c,humidity,33.7
2024-01-07T21:35:00.000Z,zone-d,humidity,65.3
2024-01-07T22:14:00.000Z,zone-d,temperature,26.9
2024-01-07T23:54:00.000Z,zone-a,humidity,39
2024-01-08T02:13:00.000Z,zone-b,light,279.3
2024-01-08T02:55:00.000Z,zone-b,temperature,28.2
2024-01-08T04:25:00.000Z,zone-b,humidity,67.4
2024-01-08T05:12:00.000Z,zone-c,pressure,1011.1
2024-01-08T06:02:00.000Z,zone-b,pressure,1016.5
2024-01-08T06:41:00.000Z,zone-d,light,282.9
2024-01-08T09:15:00.000Z,zone-c,temperature,21.9
2024-01-08T09:41:00.000Z,zone-a,light,133.4
2024-01-08T09:46:00.000Z,zone-a,temperature,31.1
2024-01-08T10:43:00.000Z,zone-d,pressure,992.1
2024-01-08T18:02:00.000Z,zone-a,pressure,1001.2
2024-01-08T20:08:00.000Z,zone-c,humidity,41.6
2024-01-08T20:17:00.000Z,zone-b,humidity,31.2
2024-01-08T21:42:00.000Z,zone-b,light,532.9
2024-01-08T23:14:00.000Z,zone-c,pressure,1016.1
2024-01-09T00:02:00.000Z,zone-a,humidity,76.7
2024-01-09T03:25:00.000Z,zone-d,temperature,27.5
2024-01-09T03:37:00.000Z,zone-c,light,256.7
2024-01-09T04:39:00.000Z,zone-a,pressure,1017.7
2024-01-09T05:24:00.000Z,zone-a,light,443.2
2024-01-09T05:50:00.000Z,zone-d,pressure,1009.6
2024-01-09T07:01:00.000Z,zone-c,temperature,31.4
2024-01-09T12:05:00.000Z,zone-a,temperature,31.1
2024-01-09T12:21:00.000Z,zone-b,pressure,992
2024-01-09T14:13:00.000Z,zone-d,humidity,31.2
2024-01-09T16:15:00.000Z,zone-b,temperature,27.1
2024-01-09T17:00:00.000Z,zone-d,light,890.9
2024-01-09T19:54:00.000Z,zone-a,humidity,53
2024-01-09T20:51:00.000Z,zone-b,pressure,1011.4
2024-01-09T23:01:00.000Z,zone-c,light,115.1
2024-01-10T00:17:00.000Z,zone-a,pressure,1011
2024-01-10T00:31:00.000Z,zone-d,humidity,76.2
2024-01-10T00:59:00.000Z,zone-b,humidity,39.9
2024-01-10T02:06:00.000Z,zone-d,pressure,1003.7
2024-01-10T03:08:00.000Z,zone-b,light,616.7
2024-01-10T05:11:00.000Z,zone-d,temperature,17.4
2024-01-10T06:03:00.000Z,zone-a,temperature,18.7
2024-01-10T07:37:00.000Z,zone-c,temperature,20.4
2024-01-10T08:44:00.000Z,zone-c,pressure,999
2024-01-10T11:29:00.000Z,zone-c,humidity,42.6
2024-01-10T14:34:00.000Z,zone-b,temperature,32.2
2024-01-10T15:44:00.000Z,zone-a,light,781.7
2024-01-10T17:04:00.000Z,zone-d,light,214.8
2024-01-10T20:42:00.000Z,zone-d,temperature,22.1
2024-01-10T23:47:00.000Z,zone-a,temperature,31.5
2024-01-11T01:17:00.000Z,zone-b,humidity,62.2
2024-01-11T04:17:00.000Z,zone-d,pressure,1000.2
2024-01-11T06:12:00.000Z,zone-d,light,266.6
2024-01-11T06:41:00.000Z,zone-a,pressure,1017.1
2024-01-11T07:47:00.000Z,zone-a,light,623.8
2024-01-11T07:54:00.000Z,zone-c,light,884.4
2024-01-11T08:00:00.000Z,zone-c,humidity,58
2024-01-11T08:15:00.000Z,zone-b,pressure,992.2
2024-01-11T10:08:00.000Z,zone-c,temperature,21.8
2024-01-11T10:31:00.000Z,zone-b,light,469.3
2024-01-11T10:35:00.000Z,zone-c,pressure,992.4
2024-01-11T11:39:00.000Z,zone-a,humidity,33.7
2024-01-11T15:37:00.000Z,zone-b,temperature,34.2
2024-01-11T18:24:00.000Z,zone-d,humidity,42.8
2024-01-11T18:53:00.000Z,zone-c,humidity,43.4
2024-01-11T19:53:00.000Z,zone-b,pressure,1011.1
2024-01-11T22:42:00.000Z,zone-c,temperature,22.2
2024-01-12T00:59:00.000Z,zone-a,temperature,18.7
2024-01-12T01:22:00.000Z,zone-a,pressure,1019.3
2024-01-12T02:16:00.000Z,zone-d,humidity,50.3
2024-01-12T04:01:00.000Z,zone-c,light,136
2024-01-12T06:27:00.000Z,zone-d,pressure,990.1
2024-01-12T06:30:00.000Z,zone-d,temperature,27.7
2024-01-12T06:50:00.000Z,zone-b,temperature,30.8
2024-01-12T08:46:00.000Z,zone-b,humidity,62
2024-01-12T09:48:00.000Z,zone-b,light,559.7
2024-01-12T09:53:00.000Z,zone-a,light,428.1
2024-01-12T10:46:00.000Z,zone-d,light,640.9
2024-01-12T14:29:00.000Z,zone-c,pressure,996.5
2024-01-12T17:44:00.000Z,zone-a,humidity,51.7
2024-01-12T20:13:00.000Z,zone-d,light,534.2
2024-01-13T00:52:00.000Z,zone-c,temperature,22.6
2024-01-13T03:12:00.000Z,zone-a,light,253.7
2024-01-13T03:20:00.000Z,zone-d,humidity,38.7
2024-01-13T03:41:00.000Z,zone-d,pressure,1006.8
2024-01-13T04:43:00.000Z,zone-a,pressure,1008
2024-01-13T05:39:00.000Z,zone-c,humidity,31.6
2024-01-13T06:10:00.000Z,zone-b,temperature,16.5
2024-01-13T06:38:00.000Z,zone-b,pressure,996.4
2024-01-13T07:20:00.000Z,zone-a,humidity,70.5
2024-01-13T09:21:00.000Z,zone-a,temperature,31.4
2024-01-13T10:45:00.000Z,zone-b,light,620.2
2024-01-13T14:26:00.000Z,zone-c,light,520.6
2024-01-13T17:16:00.000Z,zone-c,pressure,1013.3
2024-01-13T18:04:00.000Z,zone-b,humidity,49
2024-01-13T18:29:00.000Z,zone-d,temperature,24.7
2024-01-13T23:38:00.000Z,zone-b,pressure,998.9
2024-01-14T00:25:00.000Z,zone-c,light,471.5
2024-01-14T01:04:00.000Z,zone-d,humidity,69.4
2024-01-14T02:02:00.000Z,zone-c,pressure,995.8
2024-01-14T03:09:00.000Z,zone-d,pressure,1007.1
2024-01-14T03:11:00.000Z,zone-d,temperature,32.1
2024-01-14T03:14:00.000Z,zone-d,light,804.9
2024-01-14T03:34:00.000Z,zone-a,pressure,1017.7
2024-01-14T04:07:00.000Z,zone-a,light,182.6
2024-01-14T04:19:00.000Z,zone-a,humidity,36.3
2024-01-14T05:18:00.000Z,zone-b,temperature,21.1
2024-01-14T05:29:00.000Z,zone-b,humidity,51.9
2024-01-14T05:41:00.000Z,zone-b,light,184.3
2024-01-14T10:59:00.000Z,zone-c,humidity,53
2024-01-14T11:10:00.000Z,zone-a,temperature,26.9
2024-01-14T17:50:00.000Z,zone-c,temperature,31
2024-01-14T18:35:00.000Z,zone-c,humidity,33.2
2024-01-14T22:15:00.000Z,zone-d,pressure,993.4
2024-01-14T23:03:00.000Z,zone-a,light,118.6
2024-01-15T01:57:00.000Z,zone-d,temperature,34
2024-01-15T06:25:00.000Z,zone-a,humidity,48.3
2024-01-15T08:50:00.000Z,zone-c,pressure,1014.3
2024-01-15T09:14:00.000Z,zone-b,temperature,17.8
2024-01-15T09:29:00.000Z,zone-b,pressure,990.2
2024-01-15T09:51:00.000Z,zone-d,light,133.3
2024-01-15T10:15:00.000Z,zone-c,temperature,27.7
2024-01-15T11:09:00.000Z,zone-b,humidity,49.9
2024-01-15T12:14:00.000Z,zone-d,humidity,33.1
2024-01-15T13:21:00.000Z,zone-b,light,878.1
2024-01-15T14:11:00.000Z,zone-a,temperature,28.2
2024-01-15T16:21:00.000Z,zone-c,light,152.1
2024-01-15T18:25:00.000Z,zone-a,pressure,1002.1
2024-01-15T18:40:00.000Z,zone-a,temperature,18.7
2024-01-15T19:40:00.000Z,zone-a,light,659.9
2024-01-15T19:55:00.000Z,zone-c,temperature,31.5
2024-01-15T21:57:00.000Z,zone-a,humidity,44
2024-01-15T23:50:00.000Z,zone-b,humidity,69.2
2024-01-16T01:05:00.000Z,zone-d,temperature,16
2024-01-16T03:26:00.000Z,zone-a,pressure,1011.4
2024-01-16T04:27:00.000Z,zone-b,light,543.2
2024-01-16T05:27:00.000Z,zone-b,pressure,994.9
2024-01-16T05:31:00.000Z,zone-d,humidity,72.2
2024-01-16T06:30:00.000Z,zone-d,pressure,1019
2024-01-16T10:30:00.000Z,zone-b,temperature,28.5
2024-01-16T12:35:00.000Z,zone-c,humidity,40.5
2024-01-16T14:07:00.000Z,zone-c,pressure,1012.3
2024-01-16T15:22:00.000Z,zone-d,light,713.4
2024-01-16T16:15:00.000Z,zone-c,light,593.1
2024-01-16T18:31:00.000Z,zone-b,pressure,1004.7
2024-01-16T19:33:00.000Z,zone-a,temperature,21.1
2024-01-16T20:56:00.000Z,zone-c,temperature,27.7
2024-01-16T21:02:00.000Z,zone-a,humidity,60.8
2024-01-16T22:28:00.000Z,zone-c,light,191.2
2024-01-16T23:18:00.000Z,zone-d,light,718.4
2024-01-17T00:12:00.000Z,zone-a,light,623.5
2024-01-17T08:06:00.000Z,zone-d,humidity,35.9
2024-01-17T12:23:00.000Z,zone-b,humidity,30.3
2024-01-17T12:49:00.000Z,zone-c,humidity,30.3
2024-01-17T13:23:00.000Z,zone-c,pressure,1015.8
2024-01-17T14:17:00.000Z,zone-d,temperature,18.1
2024-01-17T15:59:00.000Z,zone-b,light,319.2
2024-01-17T16:45:00.000Z,zone-a,pressure,1006.5
2024-01-17T17:48:00.000Z,zone-d,pressure,993.8
2024-01-17T18:09:00.000Z,zone-b,temperature,20.9
2024-01-17T18:36:00.000Z,zone-a,light,772.4
2024-01-17T22:14:00.000Z,zone-a,temperature,31.7
2024-01-18T00:24:00.000Z,zone-a,humidity,45.7
2024-01-18T00:38:00.000Z,zone-b,temperature,25.4
2024-01-18T00:49:00.000Z,zone-d,humidity,52.5
2024-01-18T01:16:00.000Z,zone-b,pressure,994.1
2024-01-18T04:52:00.000Z,zone-c,temperature,24.4
2024-01-18T05:01:00.000Z,zone-d,pressure,1012.6
2024-01-18T05:15:00.000Z,zone-c,humidity,73.2
2024-01-18T05:19:00.000Z,zone-b,humidity,60.2
2024-01-18T07:37:00.000Z,zone-b,light,496.5
2024-01-18T11:08:00.000Z,zone-d,light,618.8
2024-01-18T11:50:00.000Z,zone-d,temperature,17.8
2024-01-18T16:19:00.000Z,zone-c,pressure,992.3
2024-01-18T16:31:00.000Z,zone-c,light,770.6
2024-01-18T16:35:00.000Z,zone-a,pressure,1019.9
2024-01-18T20:37:00.000Z,zone-c,humidity,70.8
2024-01-18T20:59:00.000Z,zone-a,temperature,33.4
2024-01-18T21:58:00.000Z,zone-a,humidity,50.1
2024-01-19T01:19:00.000Z,zone-b,pressure,996.8
2024-01-19T04:32:00.000Z,zone-a,pressure,1016.9
2024-01-19T04:46:00.000Z,zone-c,pressure,991.9
2024-01-19T04:50:00.000Z,zone-d,humidity,66.1
2024-01-19T07:06:00.000Z,zone-b,humidity,45.8
2024-01-19T09:46:00.000Z,zone-c,temperature,16.8
2024-01-19T10:39:00.000Z,zone-c,light,724
2024-01-19T10:40:00.000Z,zone-d,pressure,990.4
2024-01-19T11:57:00.000Z,zone-b,temperature,20.6
2024-01-19T14:19:00.000Z,zone-d,temperature,21.1
2024-01-19T14:41:00.000Z,zone-d,light,724.4
2024-01-19T15:10:00.000Z,zone-b,light,572.9
2024-01-19T15:25:00.000Z,zone-a,light,826.9
2024-01-19T21:11:00.000Z,zone-d,temperature,23.6
2024-01-19T21:14:00.000Z,zone-d,humidity,59.4
2024-01-19T22:17:00.000Z,zone-b,temperature,33.7
2024-01-19T23:31:00.000Z,zone-a,light,264.7
2024-01-20T02:41:00.000Z,zone-c,temperature,16.5
2024-01-20T05:38:00.000Z,zone-c,humidity,60.4
2024-01-20T06:10:00.000Z,zone-d,light,283
2024-01-20T07:32:00.000Z,zone-a,humidity,75.4
2024-01-20T10:31:00.000Z,zone-b,pressure,1018
2024-01-20T12:30:00.000Z,zone-a,pressure,1011
2024-01-20T14:41:00.000Z,zone-c,light,652.7
2024-01-20T15:00:00.000Z,zone-c,pressure,1008.6
2024-01-20T15:09:00.000Z,zone-b,humidity,33.3
2024-01-20T15:25:00.000Z,zone-d,pressure,1017.5
2024-01-20T17:18:00.000Z,zone-a,temperature,24.8
2024-01-20T17:40:00.000Z,zone-b,light,659.9
2024-01-20T18:53:00.000Z,zone-a,light,161
2024-01-21T01:40:00.000Z,zone-c,humidity,62.2
2024-01-21T01:59:00.000Z,zone-a,temperature,24.3
2024-01-21T02:39:00.000Z,zone-b,light,179.4
2024-01-21T02:45:00.000Z,zone-a,humidity,38.2
2024-01-21T04:50:00.000Z,zone-a,pressure,999.8
2024-01-21T09:03:00.000Z,zone-c,light,281.5
2024-01-21T10:46:00.000Z,zone-d,humidity,72.7
2024-01-21T12:35:00.000Z,zone-d,light,230.1
2024-01-21T12:54:00.000Z,zone-c,pressure,1002.8
2024-01-21T13:28:00.000Z,zone-b,humidity,68.2
2024-01-21T15:36:00.000Z,zone-d,pressure,1003.6
2024-01-21T15:49:00.000Z,zone-c,temperature,26.2
2024-01-21T16:23:00.000Z,zone-d,temperature,17.9
2024-01-21T17:41:00.000Z,zone-b,pressure,998.5
2024-01-21T18:29:00.000Z,zone-b,temperature,19.3
2024-01-21T19:13:00.000Z,zone-c,light,625.6
2024-01-21T21:18:00.000Z,zone-b,light,523
2024-01-21T21:40:00.000Z,zone-d,pressure,990.3
2024-01-22T00:56:00.000Z,zone-d,humidity,57.9
2024-01-22T01:15:00.000Z,zone-b,pressure,1003
2024-01-22T05:13:00.000Z,zone-c,temperature,23.1
2024-01-22T07:40:00.000Z,zone-c,humidity,73.8
2024-01-22T10:02:00.000Z,zone-b,temperature,29.1
2024-01-22T10:15:00.000Z,zone-a,humidity,39.7
2024-01-22T11:04:00.000Z,zone-a,light,496.9
2024-01-22T12:54:00.000Z,zone-a,temperature,21.9
2024-01-22T13:03:00.000Z,zone-c,pressure,1019.9
2024-01-22T13:40:00.000Z,zone-d,temperature,23.4
2024-01-22T15:03:00.000Z,zone-d,light,862.3
2024-01-22T15:29:00.000Z,zone-b,humidity,68
2024-01-22T17:53:00.000Z,zone-a,pressure,1012.2
2024-01-22T19:19:00.000Z,zone-a,temperature,15.7
2024-01-22T20:55:00.000Z,zone-c,temperature,33.8
2024-01-23T00:37:00.000Z,zone-d,pressure,1004.5
2024-01-23T01:03:00.000Z,zone-c,pressure,1018.1
2024-01-23T02:01:00.000Z,zone-c,light,252.5
2024-01-23T02:49:00.000Z,zone-d,temperature,24.4
2024-01-23T03:16:00.000Z,zone-a,pressure,1019.1
2024-01-23T03:26:00.000Z,zone-a,light,477.8
2024-01-23T05:32:00.000Z,zone-a,humidity,59.8
2024-01-23T08:35:00.000Z,zone-c,humidity,79.9
2024-01-23T09:40:00.000Z,zone-d,humidity,65
2024-01-23T10:45:00.000Z,zone-b,light,657.2
2024-01-23T12:45:00.000Z,zone-b,pressure,1008.9
2024-01-23T13:55:00.000Z,zone-d,light,261.1
2024-01-23T15:48:00.000Z,zone-b,humidity,66.4
2024-01-23T16:14:00.000Z,zone-b,temperature,17.4
2024-01-23T19:19:00.000Z,zone-c,humidity,61.9
2024-01-23T19:26:00.000Z,zone-d,humidity,47.1
2024-01-23T20:06:00.000Z,zone-b,pressure,999.2
2024-01-23T22:38:00.000Z,zone-d,pressure,993.7
2024-01-23T23:19:00.000Z,zone-b,temperature,24
2024-01-23T23:23:00.000Z,zone-a,light,841.4
2024-01-24T02:17:00.000Z,zone-d,light,648.3
2024-01-24T05:00:00.000Z,zone-a,pressure,1018.8
2024-01-24T09:39:00.000Z,zone-b,light,205.7
2024-01-24T09:57:00.000Z,zone-c,temperature,30.5
2024-01-24T09:59:00.000Z,zone-c,pressure,1010
2024-01-24T10:28:00.000Z,zone-c,light,394.8
2024-01-24T12:13:00.000Z,zone-d,temperature,27.1
2024-01-24T13:45:00.000Z,zone-b,humidity,43.2
2024-01-24T16:22:00.000Z,zone-a,humidity,32.3
2024-01-24T17:55:00.000Z,zone-a,temperature,17.6
2024-01-24T18:48:00.000Z,zone-a,humidity,65.4
2024-01-24T21:18:00.000Z,zone-d,light,718
2024-01-24T23:27:00.000Z,zone-b,temperature,24.5
2024-01-25T00:38:00.000Z,zone-c,temperature,29.9
2024-01-25T00:40:00.000Z,zone-c,humidity,42.3
2024-01-25T03:27:00.000Z,zone-b,humidity,78.5
2024-01-25T04:03:00.000Z,zone-d,temperature,30.8
2024-01-25T06:09:00.000Z,zone-a,light,627.2
2024-01-25T08:14:00.000Z,zone-a,temperature,15.6
2024-01-25T11:04:00.000Z,zone-c,light,794.7
2024-01-25T14:23:00.000Z,zone-d,pressure,1009.2
2024-01-25T15:07:00.000Z,zone-c,pressure,1001.8
2024-01-25T15:11:00.000Z,zone-d,humidity,56.3
2024-01-25T16:22:00.000Z,zone-a,pressure,997.5
2024-01-25T17:04:00.000Z,zone-b,pressure,996.1
2024-01-25T18:03:00.000Z,zone-b,light,474.5
2024-01-25T21:10:00.000Z,zone-d,pressure,1007.5
2024-01-25T22:36:00.000Z,zone-a,light,217.5
2024-01-25T23:30:00.000Z,zone-a,humidity,62
2024-01-26T01:28:00.000Z,zone-b,light,500.9
2024-01-26T01:48:00.000Z,zone-c,light,414
2024-01-26T02:13:00.000Z,zone-b,temperature,15.5
2024-01-26T02:28:00.000Z,zone-b,pressure,997.3
2024-01-26T04:23:00.000Z,zone-a,temperature,20.9
2024-01-26T06:09:00.000Z,zone-c,pressure,995.9
2024-01-26T08:19:00.000Z,zone-b,humidity,78.3
2024-01-26T13:04:00.000Z,zone-c,humidity,35.9
2024-01-26T13:54:00.000Z,zone-a,pressure,1017.3
2024-01-26T14:23:00.000Z,zone-d,light,183.5
2024-01-26T17:33:00.000Z,zone-d,temperature,33.2
2024-01-26T17:54:00.000Z,zone-d,humidity,31.7
2024-01-26T18:23:00.000Z,zone-c,temperature,15.1
2024-01-26T20:44:00.000Z,zone-a,humidity,68.1
2024-01-27T00:04:00.000Z,zone-a,pressure,993.8
2024-01-27T01:06:00.000Z,zone-d,light,254.8
2024-01-27T02:33:00.000Z,zone-d,temperature,21.8
2024-01-27T02:57:00.000Z,zone-b,pressure,1011.6
2024-01-27T03:03:00.000Z,zone-c,light,368.2
2024-01-27T04:55:00.000Z,zone-c,humidity,69
2024-01-27T06:06:00.000Z,zone-d,pressure,1014.2
2024-01-27T06:25:00.000Z,zone-b,light,541.4
2024-01-27T06:44:00.000Z,zone-d,humidity,76.8
2024-01-27T07:48:00.000Z,zone-a,temperature,33.8
2024-01-27T08:25:00.000Z,zone-b,temperature,31.1
2024-01-27T09:47:00.000Z,zone-a,light,523.5
2024-01-27T10:05:00.000Z,zone-b,humidity,76.2
2024-01-27T12:13:00.000Z,zone-c,pressure,1001.4
2024-01-27T14:53:00.000Z,zone-c,temperature,16.4
2024-01-27T18:31:00.000Z,zone-d,pressure,1010.8
2024-01-27T22:12:00.000Z,zone-b,temperature,30
2024-01-27T23:44:00.000Z,zone-b,humidity,54.3
2024-01-28T02:51:00.000Z,zone-c,light,503.6
2024-01-28T05:10:00.000Z,zone-c,humidity,77.3
2024-01-28T07:02:00.000Z,zone-c,pressure,1017.2
2024-01-28T07:08:00.000Z,zone-d,temperature,21
2024-01-28T07:34:00.000Z,zone-d,humidity,30.3
2024-01-28T07:45:00.000Z,zone-c,temperature,15.8
2024-01-28T11:27:00.000Z,zone-a,temperature,19.1
2024-01-28T11:55:00.000Z,zone-d,light,667
2024-01-28T12:00:00.000Z,zone-a,pressure,1002.5
2024-01-28T12:47:00.000Z,zone-a,humidity,55.2
2024-01-28T13:28:00.000Z,zone-b,pressure,1001.1
2024-01-28T13:48:00.000Z,zone-a,light,233.3
2024-01-28T15:49:00.000Z,zone-b,light,860.1
2024-01-28T18:50:00.000Z,zone-c,temperature,15.2
2024-01-28T19:26:00.000Z,zone-a,pressure,996.6
2024-01-28T19:29:00.000Z,zone-b,light,400.4
2024-01-28T20:02:00.000Z,zone-d,pressure,994.8
2024-01-28T21:54:00.000Z,zone-d,temperature,26
2024-01-28T22:08:00.000Z,zone-b,temperature,16.2
2024-01-29T00:55:00.000Z,zone-a,temperature,23.3
2024-01-29T02:07:00.000Z,zone-c,light,502.5
2024-01-29T04:13:00.000Z,zone-d,humidity,73.9
2024-01-29T04:15:00.000Z,zone-c,pressure,1004.1
2024-01-29T04:37:00.000Z,zone-c,humidity,54
2024-01-29T12:31:00.000Z,zone-b,pressure,990.3
2024-01-29T14:34:00.000Z,zone-a,light,845.4
2024-01-29T16:01:00.000Z,zone-d,light,332.6
2024-01-29T18:00:00.000Z,zone-b,humidity,70.7
2024-01-29T18:24:00.000Z,zone-a,humidity,31.1
2024-01-29T18:35:00.000Z,zone-b,pressure,1017.6
2024-01-29T20:06:00.000Z,zone-a,temperature,24.6
2024-01-29T21:05:00.000Z,zone-c,pressure,1018
2024-01-29T22:26:00.000Z,zone-b,temperature,18.8
2024-01-29T23:11:00.000Z,zone-a,humidity,44.3
2024-01-30T01:41:00.000Z,zone-d,temperature,20.6
2024-01-30T01:47:00.000Z,zone-a,pressure,1013.6
2024-01-30T02:23:00.000Z,zone-c,light,327.9
2024-01-30T06:30:00.000Z,zone-d,humidity,64.1
2024-01-30T06:50:00.000Z,zone-d,pressure,1004.4
2024-01-30T07:24:00.000Z,zone-c,humidity,68.3
2024-01-30T09:43:00.000Z,zone-d,light,708
2024-01-30T10:36:00.000Z,zone-a,light,327.9
2024-01-30T16:44:00.000Z,zone-b,humidity,35.7
2024-01-30T18:11:00.000Z,zone-b,light,138.5
2024-01-30T18:25:00.000Z,zone-c,temperature,29.1
2024-01-30T20:01:00.000Z,zone-a,humidity,66.8
2024-01-30T20:09:00.000Z,zone-d,humidity,32.4
2024-01-30T20:24:00.000Z,zone-b,temperature,19.9
2024-01-30T20:41:00.000Z,zone-a,light,172.7
2024-01-31T01:06:00.000Z,zone-c,pressure,1005.4
2024-01-31T01:23:00.000Z,zone-b,humidity,32
2024-01-31T01:58:00.000Z,zone-d,pressure,1000
2024-01-31T05:03:00.000Z,zone-c,light,313.6
2024-01-31T05:03:00.000Z,zone-d,temperature,32.6
2024-01-31T05:15:00.000Z,zone-a,pressure,995.6
2024-01-31T05:32:00.000Z,zone-c,humidity,74.1
2024-01-31T07:23:00.000Z,zone-a,temperature,32.5
2024-01-31T08:36:00.000Z,zone-b,light,169.9
2024-01-31T14:16:00.000Z,zone-d,light,637.2
2024-01-31T15:59:00.000Z,zone-c,temperature,22.6
2024-01-31T17:50:00.000Z,zone-b,pressure,1005.9
2024-01-31T20:34:00.000Z,zone-d,light,141.5
2024-01-31T21:12:00.000Z,zone-c,temperature,17.3
2024-02-01T02:11:00.000Z,zone-a,humidity,72.9
2024-02-01T03:06:00.000Z,zone-c,light,585.4
2024-02-01T04:17:00.000Z,zone-d,temperature,16.7
2024-02-01T04:33:00.000Z,zone-b,humidity,76.9
2024-02-01T04:43:00.000Z,zone-a,light,125.8
2024-02-01T07:55:00.000Z,zone-c,pressure,993.7
2024-02-01T07:56:00.000Z,zone-a,temperature,19.6
2024-02-01T09:15:00.000Z,zone-b,light,127.9
2024-02-01T10:49:00.000Z,zone-d,humidity,58.1
2024-02-01T11:37:00.000Z,zone-b,temperature,17.8
2024-02-01T11:47:00.000Z,zone-b,pressure,1003.2
2024-02-01T13:33:00.000Z,zone-c,humidity,50.2
2024-02-01T15:22:00.000Z,zone-d,pressure,1016.9
2024-02-01T17:20:00.000Z,zone-a,pressure,1003.7
2024-02-01T19:56:00.000Z,zone-c,light,120.1
2024-02-01T23:04:00.000Z,zone-d,temperature,27.7
2024-02-02T02:07:00.000Z,zone-d,humidity,73.2
2024-02-02T03:06:00.000Z,zone-b,light,318.9
2024-02-02T06:21:00.000Z,zone-c,temperature,32.2
2024-02-02T08:41:00.000Z,zone-b,pressure,1017.8
2024-02-02T09:11:00.000Z,zone-b,humidity,51.9
2024-02-02T09:30:00.000Z,zone-d,light,244.4
2024-02-02T10:48:00.000Z,zone-c,humidity,42.8
2024-02-02T11:04:00.000Z,zone-a,temperature,17.4
2024-02-02T11:32:00.000Z,zone-b,temperature,34.8
2024-02-02T12:44:00.000Z,zone-c,pressure,1001.3
2024-02-02T12:51:00.000Z,zone-a,light,755.7
2024-02-02T14:03:00.000Z,zone-d,pressure,993.4
2024-02-02T16:56:00.000Z,zone-a,humidity,59.3
2024-02-02T17:15:00.000Z,zone-a,pressure,1014.2
2024-02-02T18:38:00.000Z,zone-c,pressure,1015.5
2024-02-02T18:58:00.000Z,zone-d,light,422.7
2024-02-02T19:42:00.000Z,zone-c,humidity,31.4
2024-02-02T20:14:00.000Z,zone-d,temperature,21.3
2024-02-02T20:27:00.000Z,zone-b,pressure,1003.3
2024-02-02T20:29:00.000Z,zone-b,light,310.8
2024-02-02T22:52:00.000Z,zone-d,humidity,70.6
2024-02-02T23:27:00.000Z,zone-a,pressure,1017.7
2024-02-03T04:13:00.000Z,zone-b,temperature,34.9
2024-02-03T05:40:00.000Z,zone-c,temperature,18.9
2024-02-03T05:51:00.000Z,zone-d,pressure,1014.9
2024-02-03T06:13:00.000Z,zone-c,light,141.8
2024-02-03T12:13:00.000Z,zone-a,light,494.6
2024-02-03T16:44:00.000Z,zone-b,humidity,32.5
2024-02-03T17:40:00.000Z,zone-a,temperature,30.1
2024-02-03T18:18:00.000Z,zone-a,humidity,68.6
2024-02-03T19:46:00.000Z,zone-a,humidity,65.5
2024-02-03T20:40:00.000Z,zone-c,light,341.4
2024-02-03T20:47:00.000Z,zone-a,pressure,994.1
2024-02-03T22:55:00.000Z,zone-b,temperature,28.9
2024-02-04T00:11:00.000Z,zone-a,light,678.2
2024-02-04T05:26:00.000Z,zone-d,temperature,31.4
2024-02-04T07:18:00.000Z,zone-d,pressure,1001.3
2024-02-04T07:31:00.000Z,zone-d,light,534.1
2024-02-04T08:52:00.000Z,zone-d,humidity,61.2
2024-02-04T09:27:00.000Z,zone-c,temperature,30
2024-02-04T10:23:00.000Z,zone-c,pressure,998.1
2024-02-04T12:23:00.000Z,zone-b,humidity,57.1
2024-02-04T14:40:00.000Z,zone-b,light,190.7
2024-02-04T15:18:00.000Z,zone-b,pressure,997.4
2024-02-04T16:33:00.000Z,zone-c,humidity,41.5
2024-02-04T17:29:00.000Z,zone-a,temperature,28
2024-02-04T19:59:00.000Z,zone-d,humidity,53.1
2024-02-04T20:22:00.000Z,zone-c,temperature,18.7
2024-02-04T22:08:00.000Z,zone-a,light,555.8
2024-02-04T23:02:00.000Z,zone-a,temperature,23.1
2024-02-05T04:16:00.000Z,zone-c,light,453.2
2024-02-05T04:53:00.000Z,zone-b,pressure,1002.7
2024-02-05T05:17:00.000Z,zone-d,pressure,1000
2024-02-05T07:53:00.000Z,zone-d,temperature,20.4
2024-02-05T08:20:00.000Z,zone-c,humidity,65.9
2024-02-05T08:20:00.000Z,zone-d,light,813
2024-02-05T09:19:00.000Z,zone-c,pressure,1008.9
2024-02-05T13:27:00.000Z,zone-a,humidity,68.3
2024-02-05T14:49:00.000Z,zone-b,humidity,44.4
2024-02-05T17:17:00.000Z,zone-a,pressure,1008.9
2024-02-05T17:24:00.000Z,zone-b,light,622.4
2024-02-05T17:54:00.000Z,zone-b,temperature,29.6
2024-02-05T18:53:00.000Z,zone-b,pressure,1015
2024-02-05T22:44:00.000Z,zone-a,pressure,1014.6
2024-02-05T23:10:00.000Z,zone-b,light,145
2024-02-05T23:58:00.000Z,zone-c,pressure,1006
2024-02-06T00:19:00.000Z,zone-b,temperature,32.5
2024-02-06T02:42:00.000Z,zone-d,light,387.5
2024-02-06T02:44:00.000Z,zone-c,humidity,71.3
2024-02-06T05:28:00.000Z,zone-d,humidity,79.9
2024-02-06T05:38:00.000Z,zone-a,light,703.2
2024-02-06T06:02:00.000Z,zone-c,temperature,19.6
2024-02-06T09:22:00.000Z,zone-c,light,323.5
2024-02-06T11:09:00.000Z,zone-d,pressure,990.5
2024-02-06T12:24:00.000Z,zone-b,humidity,76.6
2024-02-06T13:55:00.000Z,zone-a,humidity,49.6
2024-02-06T17:26:00.000Z,zone-a,temperature,34.8
2024-02-06T18:21:00.000Z,zone-d,temperature,22.2
2024-02-06T19:12:00.000Z,zone-d,pressure,1001
2024-02-06T21:05:00.000Z,zone-b,temperature,28
2024-02-06T22:10:00.000Z,zone-d,temperature,34.3
2024-02-07T00:45:00.000Z,zone-b,light,562.9
2024-02-07T00:48:00.000Z,zone-d,light,875
2024-02-07T01:02:00.000Z,zone-c,light,596.3
2024-02-07T01:05:00.000Z,zone-b,pressure,1001.9
2024-02-07T05:22:00.000Z,zone-a,humidity,51.9
2024-02-07T06:36:00.000Z,zone-c,pressure,1003.6
2024-02-07T08:02:00.000Z,zone-b,humidity,70.4
2024-02-07T13:40:00.000Z,zone-a,pressure,1011.3
2024-02-07T13:41:00.000Z,zone-d,humidity,41.3
2024-02-07T13:54:00.000Z,zone-a,temperature,28.2
2024-02-07T14:07:00.000Z,zone-a,light,733.3
2024-02-07T15:20:00.000Z,zone-c,humidity,60.7
2024-02-07T17:46:00.000Z,zone-c,temperature,17
2024-02-07T18:53:00.000Z,zone-b,humidity,49.8
2024-02-07T20:42:00.000Z,zone-c,humidity,39.5
2024-02-07T20:45:00.000Z,zone-b,pressure,1012.4
2024-02-07T23:03:00.000Z,zone-a,humidity,78.2
2024-02-07T23:51:00.000Z,zone-a,light,445.1
2024-02-08T00:29:00.000Z,zone-c,pressure,1013.6
2024-02-08T01:04:00.000Z,zone-d,pressure,996.9
2024-02-08T05:26:00.000Z,zone-a,temperature,16.4
2024-02-08T07:50:00.000Z,zone-d,humidity,67.3
2024-02-08T08:03:00.000Z,zone-b,light,772.5
2024-02-08T08:29:00.000Z,zone-a,pressure,1013
2024-02-08T09:47:00.000Z,zone-c,light,548.5
2024-02-08T14:01:00.000Z,zone-b,temperature,18.3
2024-02-08T15:54:00.000Z,zone-c,temperature,34
2024-02-08T17:24:00.000Z,zone-d,light,468.5
2024-02-08T18:07:00.000Z,zone-d,temperature,28.3
2024-02-08T20:27:00.000Z,zone-c,humidity,32.3
2024-02-08T20:41:00.000Z,zone-a,light,169.7
2024-02-08T22:10:00.000Z,zone-a,temperature,15.9
2024-02-09T01:28:00.000Z,zone-c,light,120.7
2024-02-09T01:33:00.000Z,zone-d,light,325.4
2024-02-09T02:58:00.000Z,zone-b,light,648.3
2024-02-09T04:58:00.000Z,zone-d,temperature,20.4
2024-02-09T06:09:00.000Z,zone-b,temperature,21.3
2024-02-09T06:24:00.000Z,zone-c,temperature,16.7
2024-02-09T07:42:00.000Z,zone-a,humidity,57.2
2024-02-09T09:13:00.000Z,zone-d,humidity,59.3
2024-02-09T09:25:00.000Z,zone-d,pressure,1018.4
2024-02-09T11:05:00.000Z,zone-b,humidity,77
2024-02-09T16:54:00.000Z,zone-c,pressure,994.9
2024-02-09T16:57:00.000Z,zone-a,pressure,1008.6
2024-02-09T17:44:00.000Z,zone-b,pressure,991.1
2024-02-09T19:30:00.000Z,zone-d,humidity,53
2024-02-09T19:40:00.000Z,zone-c,humidity,44.3
2024-02-09T20:10:00.000Z,zone-a,light,118.1
2024-02-09T20:14:00.000Z,zone-c,temperature,34.3
2024-02-09T22:54:00.000Z,zone-c,pressure,1002.5
2024-02-09T23:25:00.000Z,zone-b,humidity,49.2
2024-02-10T03:26:00.000Z,zone-b,temperature,32.9
2024-02-10T03:26:00.000Z,zone-d,temperature,27.9
2024-02-10T03:52:00.000Z,zone-b,pressure,1007.5
2024-02-10T06:20:00.000Z,zone-a,pressure,995
2024-02-10T06:35:00.000Z,zone-d,pressure,1008.8
2024-02-10T10:13:00.000Z,zone-a,temperature,16.8
2024-02-10T13:53:00.000Z,zone-c,light,803.9
2024-02-10T13:55:00.000Z,zone-d,light,506.6
2024-02-10T14:19:00.000Z,zone-a,humidity,79.2
2024-02-10T16:10:00.000Z,zone-b,light,675.7
2024-02-10T18:42:00.000Z,zone-b,humidity,59.6
2024-02-10T18:48:00.000Z,zone-d,humidity,79
2024-02-10T18:58:00.000Z,zone-d,light,514.8
2024-02-10T20:17:00.000Z,zone-c,pressure,1010.3
2024-02-10T20:38:00.000Z,zone-b,light,644.3
2024-02-10T20:49:00.000Z,zone-a,pressure,992.5
2024-02-10T21:53:00.000Z,zone-a,humidity,62.9
2024-02-10T22:00:00.000Z,zone-a,light,356.6
2024-02-10T22:23:00.000Z,zone-c,light,786.5
2024-02-10T22:46:00.000Z,zone-a,temperature,21
2024-02-10T23:32:00.000Z,zone-d,pressure,992.5
2024-02-11T02:57:00.000Z,zone-c,humidity,47
2024-02-11T06:05:00.000Z,zone-b,temperature,23.4
2024-02-11T06:49:00.000Z,zone-b,pressure,1008.5
2024-02-11T10:29:00.000Z,zone-c,temperature,21.3
2024-02-11T11:08:00.000Z,zone-d,temperature,15.5
2024-02-11T19:50:00.000Z,zone-d,light,595.3
2024-02-11T20:41:00.000Z,zone-d,pressure,994.8
2024-02-11T23:36:00.000Z,zone-b,light,121.2
2024-02-12T00:36:00.000Z,zone-d,humidity,44.9
2024-02-12T00:57:00.000Z,zone-c,light,300
2024-02-12T01:00:00.000Z,zone-b,temperature,16.5
2024-02-12T02:48:00.000Z,zone-b,pressure,991.3
2024-02-12T04:05:00.000Z,zone-a,humidity,44
2024-02-12T05:18:00.000Z,zone-d,temperature,31.3
2024-02-12T05:32:00.000Z,zone-a,light,174
2024-02-12T11:38:00.000Z,zone-b,humidity,41
2024-02-12T11:45:00.000Z,zone-a,pressure,1006
2024-02-12T13:51:00.000Z,zone-c,humidity,64.9
2024-02-12T15:06:00.000Z,zone-c,temperature,18.4
2024-02-12T17:01:00.000Z,zone-c,pressure,991
2024-02-12T18:04:00.000Z,zone-a,temperature,27.1
2024-02-12T21:39:00.000Z,zone-c,light,452.2
2024-02-12T21:56:00.000Z,zone-d,light,365.7
2024-02-12T23:16:00.000Z,zone-c,humidity,51.3
2024-02-13T01:32:00.000Z,zone-c,pressure,995.8
2024-02-13T01:34:00.000Z,zone-b,pressure,1011
2024-02-13T01:35:00.000Z,zone-b,light,768.9
2024-02-13T02:25:00.000Z,zone-d,humidity,54.1
2024-02-13T03:18:00.000Z,zone-b,humidity,77
2024-02-13T06:46:00.000Z,zone-c,temperature,23.6
2024-02-13T07:26:00.000Z,zone-d,temperature,24.5
2024-02-13T10:53:00.000Z,zone-a,light,241.2
2024-02-13T11:14:00.000Z,zone-a,temperature,26.8
2024-02-13T12:29:00.000Z,zone-b,temperature,15.1
2024-02-13T14:29:00.000Z,zone-d,pressure,1009.1
2024-02-13T18:08:00.000Z,zone-a,pressure,999.8
2024-02-13T18:12:00.000Z,zone-a,humidity,67
2024-02-13T19:15:00.000Z,zone-c,pressure,992.5
2024-02-13T21:39:00.000Z,zone-d,light,623.6
2024-02-13T22:33:00.000Z,zone-d,temperature,24.8
2024-02-14T00:25:00.000Z,zone-a,temperature,28.6
2024-02-14T00:40:00.000Z,zone-a,humidity,51.4
2024-02-14T02:19:00.000Z,zone-b,temperature,24.1
2024-02-14T03:40:00.000Z,zone-a,light,873.3
2024-02-14T04:17:00.000Z,zone-c,light,606.3
2024-02-14T04:54:00.000Z,zone-d,humidity,50.7
2024-02-14T06:48:00.000Z,zone-b,pressure,1003.6
2024-02-14T08:25:00.000Z,zone-b,light,426.2
2024-02-14T09:33:00.000Z,zone-b,humidity,51.3
2024-02-14T14:59:00.000Z,zone-a,pressure,1009.8
2024-02-14T15:15:00.000Z,zone-c,temperature,18.7
2024-02-14T15:45:00.000Z,zone-d,pressure,993
2024-02-14T16:07:00.000Z,zone-c,humidity,35.8
2024-02-14T18:51:00.000Z,zone-c,pressure,1007
2024-02-14T20:14:00.000Z,zone-c,light,303.4
2024-02-14T21:52:00.000Z,zone-a,pressure,1005
2024-02-14T22:24:00.000Z,zone-c,temperature,33.9
2024-02-15T00:24:00.000Z,zone-a,humidity,55.9
2024-02-15T00:32:00.000Z,zone-d,pressure,1008.3
2024-02-15T00:33:00.000Z,zone-d,light,496.4
2024-02-15T06:08:00.000Z,zone-a,temperature,21
2024-02-15T07:06:00.000Z,zone-b,humidity,75
2024-02-15T08:36:00.000Z,zone-b,pressure,996.2
2024-02-15T09:59:00.000Z,zone-d,humidity,48.2
2024-02-15T12:51:00.000Z,zone-a,light,667
2024-02-15T13:27:00.000Z,zone-d,temperature,18.9
2024-02-15T15:23:00.000Z,zone-b,light,490.6
2024-02-15T15:29:00.000Z,zone-b,temperature,26.7
2024-02-15T15:53:00.000Z,zone-c,humidity,54.6
2024-02-15T20:27:00.000Z,zone-a,pressure,1001.7
2024-02-15T20:58:00.000Z,zone-c,light,854.8
2024-02-16T01:34:00.000Z,zone-c,temperature,28.7
2024-02-16T02:23:00.000Z,zone-c,humidity,75
2024-02-16T02:31:00.000Z,zone-d,humidity,32.1
2024-02-16T03:03:00.000Z,zone-a,temperature,34.1
2024-02-16T03:47:00.000Z,zone-b,humidity,35.2
2024-02-16T05:56:00.000Z,zone-b,temperature,15
2024-02-16T07:21:00.000Z,zone-d,temperature,32.4
2024-02-16T07:56:00.000Z,zone-c,pressure,1008.6
2024-02-16T08:14:00.000Z,zone-b,light,212.3
2024-02-16T10:39:00.000Z,zone-a,light,734.2
2024-02-16T13:50:00.000Z,zone-a,humidity,48
2024-02-16T14:07:00.000Z,zone-d,light,191.3
2024-02-16T14:47:00.000Z,zone-b,pressure,996.1
2024-02-16T17:23:00.000Z,zone-d,pressure,995.8
2024-02-16T19:21:00.000Z,zone-b,light,510.4
2024-02-16T20:16:00.000Z,zone-c,light,436.4
2024-02-16T23:21:00.000Z,zone-a,light,740.6
2024-02-16T23:38:00.000Z,zone-c,humidity,77.8
2024-02-16T23:45:00.000Z,zone-a,humidity,51.1
2024-02-17T00:12:00.000Z,zone-b,humidity,42.9
2024-02-17T05:40:00.000Z,zone-c,pressure,1016.7
2024-02-17T05:53:00.000Z,zone-d,light,729.8
2024-02-17T07:15:00.000Z,zone-d,humidity,47.2
2024-02-17T08:32:00.000Z,zone-c,temperature,20.1
2024-02-17T09:28:00.000Z,zone-d,pressure,1019.3
2024-02-17T12:16:00.000Z,zone-a,temperature,31.7
2024-02-17T12:46:00.000Z,zone-d,temperature,26
2024-02-17T13:27:00.000Z,zone-b,pressure,1006.5
2024-02-17T16:52:00.000Z,zone-b,temperature,23.5
2024-02-17T17:48:00.000Z,zone-a,pressure,992.8
2024-02-17T20:41:00.000Z,zone-c,temperature,34.5
2024-02-18T03:11:00.000Z,zone-d,pressure,1008.4
2024-02-18T03:24:00.000Z,zone-b,temperature,15.4
2024-02-18T03:29:00.000Z,zone-a,pressure,1005.7
2024-02-18T03:38:00.000Z,zone-b,humidity,62.4
2024-02-18T04:31:00.000Z,zone-a,humidity,45.7
2024-02-18T04:38:00.000Z,zone-b,light,270.4
2024-02-18T04:56:00.000Z,zone-c,pressure,1005
2024-02-18T08:06:00.000Z,zone-d,light,402.7
2024-02-18T08:21:00.000Z,zone-b,pressure,1019.1
2024-02-18T10:09:00.000Z,zone-c,light,291.9
2024-02-18T14:48:00.000Z,zone-a,temperature,29
2024-02-18T15:09:00.000Z,zone-d,humidity,45.4
2024-02-18T16:35:00.000Z,zone-a,light,845.5
2024-02-18T16:53:00.000Z,zone-c,humidity,35.3
2024-02-18T17:05:00.000Z,zone-d,temperature,34.1
2024-02-18T19:29:00.000Z,zone-c,pressure,995.5
2024-02-18T20:10:00.000Z,zone-b,light,432.6
2024-02-18T21:16:00.000Z,zone-a,light,544.7
2024-02-18T23:46:00.000Z,zone-d,light,780.5
2024-02-18T23:55:00.000Z,zone-c,humidity,69.7
2024-02-19T00:39:00.000Z,zone-a,temperature,27.1
2024-02-19T01:32:00.000Z,zone-a,pressure,1002.2
2024-02-19T02:38:00.000Z,zone-d,temperature,30
2024-02-19T05:16:00.000Z,zone-d,pressure,992.6
2024-02-19T07:56:00.000Z,zone-a,humidity,58
2024-02-19T08:03:00.000Z,zone-b,humidity,31.6
2024-02-19T09:16:00.000Z,zone-b,temperature,17.1
2024-02-19T10:18:00.000Z,zone-c,temperature,20
2024-02-19T11:24:00.000Z,zone-d,humidity,73
2024-02-19T12:47:00.000Z,zone-c,light,476.2
2024-02-19T17:12:00.000Z,zone-b,pressure,1009.8
2024-02-19T19:00:00.000Z,zone-a,humidity,33.9
2024-02-19T20:29:00.000Z,zone-d,pressure,1009.9
2024-02-19T21:45:00.000Z,zone-d,light,268
2024-02-19T23:05:00.000Z,zone-a,light,615
2024-02-19T23:44:00.000Z,zone-c,light,390.7
2024-02-20T00:36:00.000Z,zone-b,temperature,18.4
2024-02-20T03:31:00.000Z,zone-c,pressure,1017.3
2024-02-20T07:16:00.000Z,zone-d,temperature,30.1
2024-02-20T07:44:00.000Z,zone-a,temperature,32.8
2024-02-20T08:45:00.000Z,zone-b,humidity,40.7
2024-02-20T08:56:00.000Z,zone-c,temperature,15.9
2024-02-20T11:34:00.000Z,zone-a,pressure,1011
2024-02-20T14:03:00.000Z,zone-c,humidity,48.9
2024-02-20T16:21:00.000Z,zone-d,humidity,50.3
2024-02-20T17:01:00.000Z,zone-b,light,820.1
2024-02-20T17:54:00.000Z,zone-b,pressure,991.9
2024-02-20T18:48:00.000Z,zone-a,humidity,54.2
2024-02-20T20:28:00.000Z,zone-b,pressure,1005.3
2024-02-21T01:05:00.000Z,zone-d,light,452.1
2024-02-21T04:55:00.000Z,zone-d,humidity,44.1
2024-02-21T06:37:00.000Z,zone-a,pressure,1000.4
2024-02-21T08:53:00.000Z,zone-c,pressure,1010.9
2024-02-21T09:42:00.000Z,zone-b,humidity,59.2
2024-02-21T09:49:00.000Z,zone-c,humidity,60.4
2024-02-21T11:27:00.000Z,zone-a,light,443.4
2024-02-21T12:03:00.000Z,zone-b,light,451.2
2024-02-21T13:06:00.000Z,zone-d,temperature,34.7
2024-02-21T13:46:00.000Z,zone-c,temperature,17.1
2024-02-21T14:12:00.000Z,zone-a,temperature,31.1
2024-02-21T15:10:00.000Z,zone-d,pressure,1004.2
2024-02-21T16:50:00.000Z,zone-b,temperature,28.9
2024-02-21T17:07:00.000Z,zone-c,light,695.8
2024-02-21T20:43:00.000Z,zone-b,temperature,16.3
2024-02-21T22:01:00.000Z,zone-a,temperature,25
2024-02-21T22:19:00.000Z,zone-a,humidity,60.7
2024-02-22T00:01:00.000Z,zone-b,light,746.4
2024-02-22T03:09:00.000Z,zone-c,light,478.9
2024-02-22T03:10:00.000Z,zone-c,humidity,56.9
2024-02-22T09:05:00.000Z,zone-b,pressure,1016.7
2024-02-22T09:28:00.000Z,zone-d,temperature,29.6
2024-02-22T11:24:00.000Z,zone-d,pressure,1001.8
2024-02-22T11:34:00.000Z,zone-b,humidity,68.3
2024-02-22T11:43:00.000Z,zone-a,pressure,1012.8
2024-02-22T13:18:00.000Z,zone-d,light,349.6
2024-02-22T15:03:00.000Z,zone-c,temperature,19.3
2024-02-22T15:16:00.000Z,zone-a,light,381.1
2024-02-22T16:38:00.000Z,zone-c,pressure,1010.6
2024-02-22T17:32:00.000Z,zone-d,humidity,53.8
2024-02-22T20:25:00.000Z,zone-b,humidity,67
2024-02-22T21:11:00.000Z,zone-c,pressure,1015.6
2024-02-22T22:28:00.000Z,zone-b,light,201.8
2024-02-22T23:21:00.000Z,zone-d,light,567.4
2024-02-23T02:09:00.000Z,zone-a,temperature,25.2
2024-02-23T02:59:00.000Z,zone-c,humidity,39.7
2024-02-23T03:07:00.000Z,zone-a,pressure,1004
2024-02-23T03:23:00.000Z,zone-a,light,313.8
2024-02-23T05:30:00.000Z,zone-b,temperature,15
2024-02-23T07:13:00.000Z,zone-a,humidity,37.8
2024-02-23T09:52:00.000Z,zone-b,pressure,1010.1
2024-02-23T10:06:00.000Z,zone-d,pressure,1014.3
2024-02-23T11:52:00.000Z,zone-d,humidity,58.8
2024-02-23T12:25:00.000Z,zone-c,temperature,29.7
2024-02-23T15:29:00.000Z,zone-c,light,348.4
2024-02-23T16:10:00.000Z,zone-d,temperature,17.1
2024-02-23T19:41:00.000Z,zone-c,light,109.1
2024-02-23T20:04:00.000Z,zone-d,light,109.3
2024-02-23T22:48:00.000Z,zone-b,pressure,1014.2
2024-02-23T23:01:00.000Z,zone-b,humidity,77.8
2024-02-24T00:48:00.000Z,zone-c,pressure,1002
2024-02-24T01:10:00.000Z,zone-a,temperature,15.1
2024-02-24T04:04:00.000Z,zone-a,pressure,1019.5
2024-02-24T07:17:00.000Z,zone-d,pressure,998.6
2024-02-24T08:02:00.000Z,zone-b,light,339.3
2024-02-24T08:03:00.000Z,zone-c,temperature,29.3
2024-02-24T09:09:00.000Z,zone-c,humidity,79.9
2024-02-24T10:08:00.000Z,zone-d,temperature,17.3
2024-02-24T11:01:00.000Z,zone-a,light,502.8
2024-02-24T12:55:00.000Z,zone-d,humidity,30.3
2024-02-24T15:57:00.000Z,zone-a,humidity,42.7
2024-02-24T17:04:00.000Z,zone-b,temperature,19.3
2024-02-24T18:47:00.000Z,zone-a,humidity,37.5
2024-02-24T20:25:00.000Z,zone-d,pressure,999.5
2024-02-24T21:03:00.000Z,zone-c,temperature,26.5
2024-02-24T21:22:00.000Z,zone-b,light,239.4
2024-02-24T21:24:00.000Z,zone-d,humidity,37.1
2024-02-24T21:35:00.000Z,zone-a,pressure,996.3
2024-02-24T22:41:00.000Z,zone-c,light,108.7
2024-02-24T23:01:00.000Z,zone-a,light,201.3
2024-02-25T05:19:00.000Z,zone-c,humidity,69.5
2024-02-25T06:30:00.000Z,zone-a,temperature,27.8
2024-02-25T08:59:00.000Z,zone-b,temperature,33.4
2024-02-25T13:01:00.000Z,zone-c,pressure,1013.9
2024-02-25T13:09:00.000Z,zone-d,temperature,19.6
2024-02-25T15:37:00.000Z,zone-d,light,449.6
2024-02-25T16:07:00.000Z,zone-b,pressure,1011.4
2024-02-25T16:44:00.000Z,zone-b,humidity,73.7
2024-02-25T18:31:00.000Z,zone-b,humidity,45
2024-02-25T20:54:00.000Z,zone-d,light,508.6
2024-02-25T21:11:00.000Z,zone-d,humidity,66.4
2024-02-25T22:17:00.000Z,zone-a,temperature,30.1
2024-02-25T22:47:00.000Z,zone-a,pressure,991.5
2024-02-26T00:17:00.000Z,zone-c,pressure,1019.9
2024-02-26T00:35:00.000Z,zone-d,temperature,17.1
2024-02-26T02:34:00.000Z,zone-a,humidity,75.2
2024-02-26T03:42:00.000Z,zone-b,light,420.7
2024-02-26T08:43:00.000Z,zone-b,temperature,18.2
2024-02-26T10:16:00.000Z,zone-c,humidity,66.4
2024-02-26T11:32:00.000Z,zone-c,temperature,28.9
2024-02-26T15:03:00.000Z,zone-c,light,304.3
2024-02-26T15:24:00.000Z,zone-a,light,747.2
2024-02-26T17:26:00.000Z,zone-d,pressure,994.9
2024-02-26T17:35:00.000Z,zone-b,pressure,1015.8
2024-02-26T20:49:00.000Z,zone-d,pressure,1000.9
2024-02-26T22:18:00.000Z,zone-b,pressure,1017.8
2024-02-26T22:29:00.000Z,zone-b,temperature,22.6
2024-02-26T23:14:00.000Z,zone-d,temperature,33.8
2024-02-26T23:15:00.000Z,zone-c,light,666.9
2024-02-27T00:34:00.000Z,zone-d,light,565.2
2024-02-27T03:30:00.000Z,zone-c,temperature,27.8
2024-02-27T07:28:00.000Z,zone-a,humidity,64
2024-02-27T09:17:00.000Z,zone-d,humidity,48.8
2024-02-27T09:24:00.000Z,zone-b,humidity,73.7
2024-02-27T10:49:00.000Z,zone-b,light,211.6
2024-02-27T14:21:00.000Z,zone-a,pressure,1002.7
2024-02-27T16:54:00.000Z,zone-a,light,526.3
2024-02-27T17:32:00.000Z,zone-c,humidity,64.6
2024-02-27T17:56:00.000Z,zone-c,pressure,999.5
2024-02-27T18:29:00.000Z,zone-a,temperature,33
2024-02-27T18:35:00.000Z,zone-a,pressure,1011.4
2024-02-27T20:13:00.000Z,zone-c,pressure,990.9
2024-02-27T20:49:00.000Z,zone-a,temperature,26.3
2024-02-27T21:14:00.000Z,zone-a,humidity,59.8
2024-02-27T21:29:00.000Z,zone-b,pressure,1010.1
2024-02-27T22:29:00.000Z,zone-c,humidity,73.5
2024-02-27T23:32:00.000Z,zone-b,temperature,30.8
2024-02-28T00:40:00.000Z,zone-b,humidity,75.7
2024-02-28T01:51:00.000Z,zone-d,light,690
2024-02-28T02:21:00.000Z,zone-d,temperature,23.2
2024-02-28T05:10:00.000Z,zone-c,temperature,23.5
2024-02-28T05:18:00.000Z,zone-c,light,510.4
2024-02-28T06:25:00.000Z,zone-a,light,208.4
2024-02-28T07:14:00.000Z,zone-b,light,788.2
2024-02-28T08:45:00.000Z,zone-d,humidity,63.7
2024-02-28T17:17:00.000Z,zone-d,pressure,991
2024-02-28T18:47:00.000Z,zone-b,temperature,25.3
2024-02-28T20:35:00.000Z,zone-b,pressure,1015.8
2024-02-29T00:53:00.000Z,zone-a,temperature,23.7
2024-02-29T01:28:00.000Z,zone-d,temperature,22.1
2024-02-29T01:52:00.000Z,zone-a,humidity,74.8
2024-02-29T02:07:00.000Z,zone-b,light,254.8
2024-02-29T02:37:00.000Z,zone-c,temperature,27.1
2024-02-29T03:03:00.000Z,zone-d,pressure,1014.1
2024-02-29T05:04:00.000Z,zone-a,pressure,999
2024-02-29T08:09:00.000Z,zone-d,light,397.7
2024-02-29T09:17:00.000Z,zone-c,humidity,46.5
2024-02-29T10:27:00.000Z,zone-c,light,766.6
2024-02-29T10:29:00.000Z,zone-a,light,331.7
2024-02-29T10:34:00.000Z,zone-c,pressure,995.6
2024-02-29T12:43:00.000Z,zone-d,humidity,71
2024-02-29T17:02:00.000Z,zone-b,humidity,62.7
2024-02-29T20:26:00.000Z,zone-c,light,800.3
2024-02-29T21:13:00.000Z,zone-b,temperature,18.3
2024-02-29T22:15:00.000Z,zone-d,light,160.9
2024-02-29T23:21:00.000Z,zone-a,humidity,61
2024-03-01T02:03:00.000Z,zone-b,light,435.9
2024-03-01T02:51:00.000Z,zone-d,humidity,54.2
2024-03-01T03:55:00.000Z,zone-a,temperature,31.7
2024-03-01T04:05:00.000Z,zone-c,temperature,33.4
2024-03-01T05:05:00.000Z,zone-a,light,435.6
2024-03-01T05:09:00.000Z,zone-b,pressure,997.1
2024-03-01T05:28:00.000Z,zone-b,humidity,76.3
2024-03-01T10:59:00.000Z,zone-a,pressure,1001.6
2024-03-01T11:36:00.000Z,zone-d,temperature,20
2024-03-01T14:24:00.000Z,zone-d,pressure,1006
2024-03-01T16:10:00.000Z,zone-c,humidity,47
2024-03-01T16:34:00.000Z,zone-c,pressure,1006.9
2024-03-01T18:54:00.000Z,zone-a,temperature,32.2
2024-03-01T23:14:00.000Z,zone-d,pressure,1015.8
2024-03-02T03:30:00.000Z,zone-b,temperature,16.8
2024-03-02T03:58:00.000Z,zone-c,pressure,991.1
2024-03-02T04:32:00.000Z,zone-c,humidity,52
2024-03-02T07:18:00.000Z,zone-d,light,735.8
2024-03-02T08:39:00.000Z,zone-a,pressure,1006
2024-03-02T08:45:00.000Z,zone-d,humidity,61.6
2024-03-02T09:59:00.000Z,zone-c,temperature,33.5
2024-03-02T11:19:00.000Z,zone-a,light,639.7
2024-03-02T11:22:00.000Z,zone-b,light,279.9
2024-03-02T11:25:00.000Z,zone-d,temperature,31.7
2024-03-02T12:04:00.000Z,zone-c,light,814.9
2024-03-02T15:41:00.000Z,zone-b,pressure,1015.4
2024-03-02T17:41:00.000Z,zone-b,humidity,68.6
2024-03-02T17:55:00.000Z,zone-a,humidity,63.7
2024-03-02T19:48:00.000Z,zone-b,humidity,42.5
2024-03-02T20:53:00.000Z,zone-b,pressure,992.2
2024-03-02T21:11:00.000Z,zone-b,temperature,25.3
2024-03-02T21:40:00.000Z,zone-c,light,117
2024-03-02T21:52:00.000Z,zone-b,light,285
2024-03-02T22:59:00.000Z,zone-a,humidity,52.7
2024-03-03T00:28:00.000Z,zone-c,humidity,70.7
2024-03-03T01:04:00.000Z,zone-a,temperature,25.4
2024-03-03T04:16:00.000Z,zone-a,light,531.6
2024-03-03T05:00:00.000Z,zone-c,pressure,996
2024-03-03T07:55:00.000Z,zone-a,pressure,1017.5
2024-03-03T11:02:00.000Z,zone-d,light,489.6
2024-03-03T13:15:00.000Z,zone-d,temperature,17.1
2024-03-03T14:49:00.000Z,zone-d,humidity,60
2024-03-03T16:49:00.000Z,zone-c,temperature,17.3
2024-03-03T17:45:00.000Z,zone-d,pressure,1001.9
2024-03-03T20:53:00.000Z,zone-b,pressure,1004.7
2024-03-03T23:24:00.000Z,zone-c,pressure,1001.4
2024-03-04T00:29:00.000Z,zone-a,pressure,1003.8
2024-03-04T02:00:00.000Z,zone-b,temperature,25.4
2024-03-04T03:38:00.000Z,zone-a,humidity,53.3
2024-03-04T04:08:00.000Z,zone-d,temperature,16.7
2024-03-04T05:29:00.000Z,zone-d,pressure,993
2024-03-04T05:48:00.000Z,zone-d,light,701.5
2024-03-04T07:40:00.000Z,zone-a,light,897.5
2024-03-04T09:45:00.000Z,zone-c,temperature,17.3
2024-03-04T10:37:00.000Z,zone-b,humidity,56.9
2024-03-04T11:39:00.000Z,zone-a,temperature,28.6
2024-03-04T13:01:00.000Z,zone-c,light,643.5
2024-03-04T15:56:00.000Z,zone-b,light,378.9
2024-03-04T16:04:00.000Z,zone-c,humidity,46.3
2024-03-04T18:17:00.000Z,zone-d,humidity,68.2
2024-03-04T18:54:00.000Z,zone-d,humidity,51.7
2024-03-04T21:13:00.000Z,zone-b,humidity,63.9
2024-03-04T22:59:00.000Z,zone-a,pressure,996.8
2024-03-04T23:01:00.000Z,zone-d,temperature,29.6
2024-03-05T00:44:00.000Z,zone-d,light,488.2
2024-03-05T02:22:00.000Z,zone-c,humidity,41.9
2024-03-05T04:19:00.000Z,zone-c,pressure,1008
2024-03-05T05:09:00.000Z,zone-c,light,560.5
2024-03-05T05:17:00.000Z,zone-b,temperature,27.9
2024-03-05T05:42:00.000Z,zone-a,temperature,33.8
2024-03-05T07:45:00.000Z,zone-b,light,108.4
2024-03-05T07:52:00.000Z,zone-c,temperature,15.7
2024-03-05T11:39:00.000Z,zone-b,pressure,1018.1
2024-03-05T12:06:00.000Z,zone-a,light,895
2024-03-05T13:20:00.000Z,zone-a,humidity,75.9
2024-03-05T17:42:00.000Z,zone-d,pressure,1012.7
2024-03-05T18:50:00.000Z,zone-d,light,221.8
2024-03-05T21:24:00.000Z,zone-b,humidity,45.3
2024-03-05T21:53:00.000Z,zone-b,pressure,1017.5
2024-03-06T01:42:00.000Z,zone-b,temperature,24.5
2024-03-06T01:44:00.000Z,zone-a,humidity,60.2
2024-03-06T02:45:00.000Z,zone-a,pressure,1004.1
2024-03-06T03:38:00.000Z,zone-d,humidity,68.6
2024-03-06T05:18:00.000Z,zone-d,pressure,1000.9
2024-03-06T07:35:00.000Z,zone-a,temperature,17.6
2024-03-06T08:03:00.000Z,zone-c,light,598.5
2024-03-06T09:05:00.000Z,zone-d,temperature,18.1
2024-03-06T09:23:00.000Z,zone-b,light,412.7
2024-03-06T11:24:00.000Z,zone-c,humidity,58.1
2024-03-06T11:31:00.000Z,zone-c,temperature,34.7
2024-03-06T13:24:00.000Z,zone-a,light,558.2
2024-03-06T16:07:00.000Z,zone-c,pressure,1007.2
2024-03-06T19:22:00.000Z,zone-c,humidity,42.3
2024-03-06T21:13:00.000Z,zone-b,humidity,59
2024-03-06T21:49:00.000Z,zone-c,pressure,1013.2
2024-03-06T22:52:00.000Z,zone-b,temperature,34.6
2024-03-06T23:21:00.000Z,zone-a,humidity,62.4
2024-03-07T00:28:00.000Z,zone-b,light,805.6
2024-03-07T05:55:00.000Z,zone-c,temperature,27.5
2024-03-07T06:36:00.000Z,zone-a,temperature,22.2
2024-03-07T07:51:00.000Z,zone-d,temperature,20.1
2024-03-07T08:47:00.000Z,zone-b,pressure,1007.3
2024-03-07T09:42:00.000Z,zone-c,light,144.5
2024-03-07T09:57:00.000Z,zone-a,light,609.3
2024-03-07T11:40:00.000Z,zone-d,humidity,74.6
2024-03-07T12:23:00.000Z,zone-a,pressure,990.5
2024-03-07T13:00:00.000Z,zone-d,light,507.5
2024-03-07T18:20:00.000Z,zone-d,pressure,1008.7
2024-03-07T19:24:00.000Z,zone-a,temperature,34
2024-03-07T22:20:00.000Z,zone-b,pressure,1015.5
2024-03-07T23:35:00.000Z,zone-d,temperature,21
2024-03-08T00:13:00.000Z,zone-c,temperature,15.6
2024-03-08T00:54:00.000Z,zone-c,pressure,1001.8
2024-03-08T02:40:00.000Z,zone-a,light,249.7
2024-03-08T03:30:00.000Z,zone-b,humidity,30
2024-03-08T06:16:00.000Z,zone-a,pressure,1018.6
2024-03-08T07:23:00.000Z,zone-b,temperature,33.7
2024-03-08T07:31:00.000Z,zone-a,humidity,48.5
2024-03-08T08:24:00.000Z,zone-c,light,683.9
2024-03-08T11:39:00.000Z,zone-c,humidity,35.3
2024-03-08T11:51:00.000Z,zone-d,pressure,990.5
2024-03-08T11:53:00.000Z,zone-d,light,158.7
2024-03-08T13:53:00.000Z,zone-b,light,316.7
2024-03-08T17:26:00.000Z,zone-d,humidity,55.8
2024-03-08T20:12:00.000Z,zone-a,light,270.8
2024-03-08T20:44:00.000Z,zone-b,temperature,19.8
2024-03-08T22:59:00.000Z,zone-b,light,105.9
2024-03-09T02:34:00.000Z,zone-c,pressure,995.9
2024-03-09T02:42:00.000Z,zone-b,pressure,1015.2
2024-03-09T04:14:00.000Z,zone-d,temperature,31.2
2024-03-09T06:06:00.000Z,zone-b,humidity,79.4
2024-03-09T08:03:00.000Z,zone-d,pressure,996.5
2024-03-09T09:50:00.000Z,zone-d,light,832.2
2024-03-09T10:13:00.000Z,zone-c,humidity,76.3
2024-03-09T11:46:00.000Z,zone-a,temperature,17.3
2024-03-09T12:56:00.000Z,zone-d,humidity,40.7
2024-03-09T13:00:00.000Z,zone-a,pressure,993.9
2024-03-09T14:11:00.000Z,zone-c,light,452.9
2024-03-09T15:32:00.000Z,zone-a,humidity,49.8
2024-03-09T17:53:00.000Z,zone-c,temperature,30.4
2024-03-09T19:01:00.000Z,zone-d,temperature,30.5
2024-03-09T19:13:00.000Z,zone-b,temperature,16.3
2024-03-10T00:57:00.000Z,zone-d,light,102.8
2024-03-10T04:08:00.000Z,zone-c,light,271.2
2024-03-10T05:50:00.000Z,zone-b,light,558.8
2024-03-10T06:38:00.000Z,zone-b,pressure,991.2
2024-03-10T07:26:00.000Z,zone-a,temperature,30.6
2024-03-10T07:35:00.000Z,zone-c,temperature,25.3
2024-03-10T08:09:00.000Z,zone-d,pressure,992.7
2024-03-10T08:16:00.000Z,zone-a,pressure,999.8
2024-03-10T12:55:00.000Z,zone-a,light,782.7
2024-03-10T13:15:00.000Z,zone-b,humidity,40.8
2024-03-10T13:38:00.000Z,zone-c,pressure,1018.8
2024-03-10T13:54:00.000Z,zone-c,humidity,71.9
2024-03-10T14:58:00.000Z,zone-a,humidity,47.5
2024-03-10T17:59:00.000Z,zone-d,humidity,48.2
2024-03-10T19:59:00.000Z,zone-d,humidity,32
2024-03-10T21:26:00.000Z,zone-a,temperature,17.1
2024-03-10T22:57:00.000Z,zone-b,temperature,24
2024-03-11T00:01:00.000Z,zone-b,humidity,42.2
2024-03-11T00:10:00.000Z,zone-d,pressure,1004
2024-03-11T01:33:00.000Z,zone-a,humidity,31.3
2024-03-11T05:58:00.000Z,zone-c,light,186.2
2024-03-11T06:57:00.000Z,zone-d,light,372.2
2024-03-11T08:10:00.000Z,zone-a,pressure,997.8
2024-03-11T09:15:00.000Z,zone-a,light,425.7
2024-03-11T10:18:00.000Z,zone-c,pressure,1012.8
2024-03-11T13:30:00.000Z,zone-c,humidity,68.7
2024-03-11T13:36:00.000Z,zone-c,temperature,22.9
2024-03-11T17:14:00.000Z,zone-b,light,691.6
2024-03-11T17:19:00.000Z,zone-d,temperature,29.7
2024-03-11T18:03:00.000Z,zone-b,pressure,1018.7
2024-03-11T19:16:00.000Z,zone-a,temperature,32.6
2024-03-11T20:32:00.000Z,zone-a,light,131.5
2024-03-11T22:56:00.000Z,zone-d,humidity,66.2
2024-03-12T01:04:00.000Z,zone-b,humidity,48.1
2024-03-12T01:12:00.000Z,zone-b,temperature,24.3
2024-03-12T04:12:00.000Z,zone-b,light,160.4
2024-03-12T04:28:00.000Z,zone-a,pressure,1000.6
2024-03-12T06:00:00.000Z,zone-d,temperature,34.4
2024-03-12T06:22:00.000Z,zone-c,humidity,72.8
2024-03-12T09:12:00.000Z,zone-d,pressure,1013.5
2024-03-12T11:24:00.000Z,zone-c,light,333.6
2024-03-12T11:42:00.000Z,zone-b,pressure,1014.5
2024-03-12T12:20:00.000Z,zone-c,temperature,20.2
2024-03-12T12:20:00.000Z,zone-c,pressure,1011.4
2024-03-12T13:48:00.000Z,zone-a,humidity,42
2024-03-12T17:09:00.000Z,zone-d,light,660.4
2024-03-12T18:56:00.000Z,zone-a,humidity,71.7
2024-03-12T22:38:00.000Z,zone-b,pressure,1015.1
2024-03-12T23:42:00.000Z,zone-c,pressure,1006.6
2024-03-13T00:16:00.000Z,zone-a,temperature,22.9
2024-03-13T02:27:00.000Z,zone-d,humidity,47.2
2024-03-13T03:14:00.000Z,zone-b,light,318
2024-03-13T04:44:00.000Z,zone-a,light,368
2024-03-13T04:46:00.000Z,zone-c,light,854.4
2024-03-13T07:41:00.000Z,zone-d,pressure,996.4
2024-03-13T08:58:00.000Z,zone-a,pressure,1003.8
2024-03-13T09:27:00.000Z,zone-d,temperature,23.7
2024-03-13T10:29:00.000Z,zone-c,temperature,15.5
2024-03-13T12:51:00.000Z,zone-b,humidity,43.6
2024-03-13T13:06:00.000Z,zone-d,light,548.7
2024-03-13T14:16:00.000Z,zone-b,temperature,15.2
2024-03-13T14:42:00.000Z,zone-c,humidity,43.2
2024-03-13T18:45:00.000Z,zone-d,pressure,1000.6
2024-03-13T18:46:00.000Z,zone-c,temperature,21
2024-03-14T04:05:00.000Z,zone-c,humidity,50.7
2024-03-14T04:39:00.000Z,zone-d,temperature,17
2024-03-14T04:54:00.000Z,zone-a,pressure,1011.9
2024-03-14T05:40:00.000Z,zone-a,temperature,35
2024-03-14T06:45:00.000Z,zone-d,light,493.2
2024-03-14T07:31:00.000Z,zone-c,pressure,1020
2024-03-14T07:40:00.000Z,zone-b,light,492.5
2024-03-14T07:55:00.000Z,zone-b,pressure,1000.6
2024-03-14T07:58:00.000Z,zone-d,humidity,55.2
2024-03-14T08:24:00.000Z,zone-c,light,315.7
2024-03-14T12:14:00.000Z,zone-a,light,883.8
2024-03-14T14:12:00.000Z,zone-b,humidity,51.7
2024-03-14T17:30:00.000Z,zone-b,temperature,34.9
2024-03-14T17:56:00.000Z,zone-a,humidity,37.7
2024-03-14T20:37:00.000Z,zone-a,pressure,1004.1
2024-03-14T21:47:00.000Z,zone-d,pressure,993.2
2024-03-14T22:25:00.000Z,zone-b,pressure,997.4
2024-03-14T23:34:00.000Z,zone-a,humidity,41.5
2024-03-15T00:00:00.000Z,zone-c,humidity,49.6
2024-03-15T00:50:00.000Z,zone-a,temperature,18.6
2024-03-15T02:01:00.000Z,zone-c,pressure,1016.3
2024-03-15T03:07:00.000Z,zone-b,light,337.5
2024-03-15T03:52:00.000Z,zone-d,temperature,27.1
2024-03-15T05:27:00.000Z,zone-b,temperature,16.9
2024-03-15T08:33:00.000Z,zone-b,humidity,46.5
2024-03-15T09:21:00.000Z,zone-d,humidity,35.9
2024-03-15T10:42:00.000Z,zone-d,light,537
2024-03-15T12:08:00.000Z,zone-c,light,651.2
2024-03-15T14:15:00.000Z,zone-c,temperature,33.3
2024-03-15T15:26:00.000Z,zone-a,light,685.4
2024-03-15T19:40:00.000Z,zone-d,humidity,73.2
2024-03-15T19:47:00.000Z,zone-b,humidity,32.6
2024-03-15T21:57:00.000Z,zone-b,temperature,21
2024-03-15T22:11:00.000Z,zone-d,pressure,1008.2
2024-03-16T00:28:00.000Z,zone-c,light,873.4
2024-03-16T02:01:00.000Z,zone-c,humidity,66.6
2024-03-16T03:21:00.000Z,zone-b,pressure,1008.5
2024-03-16T05:17:00.000Z,zone-a,pressure,1009
2024-03-16T05:36:00.000Z,zone-c,temperature,33.1
2024-03-16T07:25:00.000Z,zone-a,light,855.3
2024-03-16T07:41:00.000Z,zone-d,light,854.2
2024-03-16T08:23:00.000Z,zone-b,light,663.3
2024-03-16T08:23:00.000Z,zone-c,pressure,1002.1
2024-03-16T10:31:00.000Z,zone-a,temperature,33.9
2024-03-16T11:48:00.000Z,zone-d,temperature,19.5
2024-03-16T12:42:00.000Z,zone-a,humidity,42.7
2024-03-16T19:41:00.000Z,zone-a,pressure,1005.2
2024-03-16T19:54:00.000Z,zone-d,light,430.5
2024-03-16T20:06:00.000Z,zone-c,temperature,32.7
2024-03-16T20:46:00.000Z,zone-a,light,131
2024-03-16T21:53:00.000Z,zone-b,humidity,58.7
2024-03-17T00:20:00.000Z,zone-b,light,379.4
2024-03-17T01:03:00.000Z,zone-c,pressure,995.6
2024-03-17T02:12:00.000Z,zone-d,temperature,31.1
2024-03-17T04:42:00.000Z,zone-d,humidity,43.9
2024-03-17T05:10:00.000Z,zone-b,temperature,31
2024-03-17T07:01:00.000Z,zone-c,light,709.5
2024-03-17T08:54:00.000Z,zone-d,pressure,998.9
2024-03-17T14:05:00.000Z,zone-c,humidity,30.3
2024-03-17T15:04:00.000Z,zone-b,pressure,1009.1
2024-03-17T16:29:00.000Z,zone-a,temperature,32.7
2024-03-17T17:28:00.000Z,zone-a,humidity,74.6
2024-03-17T19:38:00.000Z,zone-a,pressure,1003.4
2024-03-18T00:32:00.000Z,zone-b,pressure,997.3
2024-03-18T00:36:00.000Z,zone-b,light,158.6
2024-03-18T00:47:00.000Z,zone-d,light,240.9
2024-03-18T01:58:00.000Z,zone-c,light,493.7
2024-03-18T02:01:00.000Z,zone-d,humidity,59.6
2024-03-18T03:05:00.000Z,zone-b,temperature,20.8
2024-03-18T05:07:00.000Z,zone-c,temperature,17
2024-03-18T06:56:00.000Z,zone-c,humidity,50.4
2024-03-18T08:17:00.000Z,zone-a,temperature,17.2
2024-03-18T09:47:00.000Z,zone-a,humidity,41.3
2024-03-18T10:55:00.000Z,zone-a,light,600.9
2024-03-18T11:58:00.000Z,zone-c,pressure,1002.3
2024-03-18T13:35:00.000Z,zone-d,pressure,998.1
2024-03-18T17:06:00.000Z,zone-b,humidity,50.1
2024-03-18T17:47:00.000Z,zone-d,temperature,32.8
2024-03-18T20:45:00.000Z,zone-a,humidity,55.9
2024-03-18T22:46:00.000Z,zone-d,pressure,998.4
2024-03-19T04:00:00.000Z,zone-d,light,330.4
2024-03-19T06:58:00.000Z,zone-c,humidity,51.6
2024-03-19T07:54:00.000Z,zone-c,temperature,24.1
2024-03-19T09:49:00.000Z,zone-c,pressure,1012.2
2024-03-19T09:54:00.000Z,zone-b,light,821.2
2024-03-19T10:27:00.000Z,zone-a,temperature,26
2024-03-19T11:13:00.000Z,zone-b,humidity,50.2
2024-03-19T11:43:00.000Z,zone-d,temperature,31.5
2024-03-19T13:13:00.000Z,zone-a,light,692.6
2024-03-19T13:28:00.000Z,zone-b,temperature,31.6
2024-03-19T14:36:00.000Z,zone-a,pressure,997
2024-03-19T15:20:00.000Z,zone-d,humidity,75.7
2024-03-19T16:12:00.000Z,zone-b,pressure,997.3
2024-03-19T17:47:00.000Z,zone-c,light,375.3
2024-03-19T20:39:00.000Z,zone-b,pressure,991.9
2024-03-19T21:12:00.000Z,zone-c,pressure,1016.6
2024-03-20T02:42:00.000Z,zone-b,humidity,72.7
2024-03-20T04:06:00.000Z,zone-a,humidity,65.1
2024-03-20T04:12:00.000Z,zone-d,humidity,56.1
2024-03-20T05:35:00.000Z,zone-d,temperature,20
2024-03-20T07:01:00.000Z,zone-c,humidity,36.5
2024-03-20T09:55:00.000Z,zone-b,temperature,17.6
2024-03-20T11:44:00.000Z,zone-a,temperature,20.7
2024-03-20T12:53:00.000Z,zone-a,light,597.7
2024-03-20T14:08:00.000Z,zone-b,light,887.8
2024-03-20T14:08:00.000Z,zone-c,light,802.8
2024-03-20T14:49:00.000Z,zone-a,pressure,1012.6
2024-03-20T15:28:00.000Z,zone-d,light,547.1
2024-03-20T15:45:00.000Z,zone-d,pressure,1019.6
2024-03-20T16:43:00.000Z,zone-c,temperature,15.5
2024-03-20T22:39:00.000Z,zone-a,temperature,19.4
2024-03-21T00:39:00.000Z,zone-c,light,775.5
2024-03-21T03:06:00.000Z,zone-a,humidity,54.6
2024-03-21T03:20:00.000Z,zone-b,pressure,999.8
2024-03-21T03:23:00.000Z,zone-c,temperature,17
2024-03-21T03:29:00.000Z,zone-d,humidity,52.2
2024-03-21T05:38:00.000Z,zone-a,pressure,1001.4
2024-03-21T06:08:00.000Z,zone-b,light,605.1
2024-03-21T06:09:00.000Z,zone-d,temperature,21.8
2024-03-21T08:37:00.000Z,zone-b,temperature,23.7
2024-03-21T09:04:00.000Z,zone-d,light,806.2
2024-03-21T10:36:00.000Z,zone-d,pressure,1018.2
2024-03-21T11:06:00.000Z,zone-a,light,223.4
2024-03-21T11:23:00.000Z,zone-c,humidity,66.5
2024-03-21T13:06:00.000Z,zone-b,humidity,40.2
2024-03-21T14:25:00.000Z,zone-c,pressure,992
2024-03-22T00:36:00.000Z,zone-b,pressure,1012.4
2024-03-22T02:09:00.000Z,zone-b,humidity,77.3
2024-03-22T02:16:00.000Z,zone-c,humidity,75.5
2024-03-22T03:45:00.000Z,zone-c,temperature,16.4
2024-03-22T04:05:00.000Z,zone-d,temperature,33
2024-03-22T05:59:00.000Z,zone-c,pressure,1018.7
2024-03-22T06:03:00.000Z,zone-a,light,528.4
2024-03-22T06:28:00.000Z,zone-c,light,421.4
2024-03-22T06:47:00.000Z,zone-d,humidity,73.3
2024-03-22T07:39:00.000Z,zone-b,temperature,29.1
2024-03-22T08:01:00.000Z,zone-a,humidity,56.6
2024-03-22T08:03:00.000Z,zone-d,pressure,1007.7
2024-03-22T10:46:00.000Z,zone-a,pressure,1004.4
2024-03-22T11:05:00.000Z,zone-a,temperature,22.1
2024-03-22T13:20:00.000Z,zone-d,light,359.7
2024-03-22T14:16:00.000Z,zone-b,light,791.2
2024-03-22T20:11:00.000Z,zone-a,humidity,76.5
2024-03-22T21:10:00.000Z,zone-c,pressure,1003.8
2024-03-22T21:12:00.000Z,zone-a,temperature,20.1
2024-03-22T21:51:00.000Z,zone-c,light,363.9
2024-03-22T23:18:00.000Z,zone-d,humidity,77.3
2024-03-23T02:22:00.000Z,zone-b,temperature,30.6
2024-03-23T02:47:00.000Z,zone-d,temperature,26.8
2024-03-23T02:49:00.000Z,zone-a,light,474.8
2024-03-23T03:01:00.000Z,zone-b,humidity,67.5
2024-03-23T08:08:00.000Z,zone-d,light,681.1
2024-03-23T10:23:00.000Z,zone-b,light,163
2024-03-23T10:35:00.000Z,zone-b,pressure,1005
2024-03-23T14:47:00.000Z,zone-d,pressure,992.6
2024-03-23T15:36:00.000Z,zone-a,pressure,1009.9
2024-03-23T17:47:00.000Z,zone-c,temperature,15.3
2024-03-23T18:04:00.000Z,zone-c,humidity,37.8
2024-03-23T20:39:00.000Z,zone-a,humidity,66.9
2024-03-23T23:57:00.000Z,zone-b,temperature,24.7
2024-03-24T01:47:00.000Z,zone-b,pressure,1006.1
2024-03-24T04:08:00.000Z,zone-c,temperature,22.5
2024-03-24T05:21:00.000Z,zone-d,humidity,79.6
2024-03-24T06:37:00.000Z,zone-b,light,153.7
2024-03-24T07:31:00.000Z,zone-c,pressure,990.1
2024-03-24T08:01:00.000Z,zone-c,light,494.9
2024-03-24T09:16:00.000Z,zone-d,pressure,995.6
2024-03-24T09:24:00.000Z,zone-b,humidity,73
2024-03-24T09:37:00.000Z,zone-a,temperature,28.6
2024-03-24T09:50:00.000Z,zone-d,temperature,18.5
2024-03-24T11:49:00.000Z,zone-d,light,869.1
2024-03-24T13:53:00.000Z,zone-c,humidity,55.7
2024-03-24T14:39:00.000Z,zone-a,pressure,1010.1
2024-03-24T14:58:00.000Z,zone-a,light,117.3
2024-03-24T18:42:00.000Z,zone-c,temperature,16.9
2024-03-24T22:19:00.000Z,zone-b,pressure,1013
2024-03-24T22:20:00.000Z,zone-a,pressure,1000.1
2024-03-24T22:52:00.000Z,zone-c,light,831.3
2024-03-24T22:53:00.000Z,zone-b,temperature,18.7
2024-03-24T23:28:00.000Z,zone-d,light,839.9
2024-03-25T02:15:00.000Z,zone-b,humidity,35.3
2024-03-25T02:16:00.000Z,zone-c,humidity,53.8
2024-03-25T02:49:00.000Z,zone-d,humidity,41.8
2024-03-25T05:11:00.000Z,zone-a,temperature,30.6
2024-03-25T07:04:00.000Z,zone-d,pressure,1013.6
2024-03-25T07:48:00.000Z,zone-c,pressure,1014.2
2024-03-25T11:58:00.000Z,zone-b,light,551.6
2024-03-25T12:07:00.000Z,zone-d,temperature,15.2
2024-03-25T13:37:00.000Z,zone-a,light,407.2
2024-03-25T18:03:00.000Z,zone-a,humidity,47
2024-03-25T22:03:00.000Z,zone-d,temperature,31.4
2024-03-25T23:02:00.000Z,zone-a,pressure,1011.8
2024-03-25T23:06:00.000Z,zone-c,humidity,71.9
2024-03-26T01:38:00.000Z,zone-b,light,825.6
2024-03-26T03:28:00.000Z,zone-c,pressure,1013.7
2024-03-26T05:16:00.000Z,zone-c,temperature,33.9
2024-03-26T05:25:00.000Z,zone-d,humidity,75.6
2024-03-26T05:37:00.000Z,zone-a,humidity,41.7
2024-03-26T06:26:00.000Z,zone-d,light,538.9
2024-03-26T07:12:00.000Z,zone-b,humidity,67.1
2024-03-26T07:17:00.000Z,zone-b,pressure,998.3
2024-03-26T07:39:00.000Z,zone-d,pressure,999.4
2024-03-26T09:52:00.000Z,zone-c,light,622.4
2024-03-26T12:16:00.000Z,zone-a,light,860.2
2024-03-26T16:32:00.000Z,zone-a,temperature,21.7
2024-03-26T17:43:00.000Z,zone-b,temperature,15.7
2024-03-26T18:49:00.000Z,zone-a,temperature,23.8
2024-03-26T19:44:00.000Z,zone-a,humidity,39.1
2024-03-26T20:39:00.000Z,zone-a,light,234.7
2024-03-27T01:08:00.000Z,zone-c,temperature,34.9
2024-03-27T03:38:00.000Z,zone-c,light,429.6
2024-03-27T05:37:00.000Z,zone-b,humidity,58.9
2024-03-27T06:51:00.000Z,zone-d,temperature,32.8
2024-03-27T07:43:00.000Z,zone-d,pressure,1004.6
2024-03-27T08:27:00.000Z,zone-d,light,789.6
2024-03-27T08:33:00.000Z,zone-b,temperature,16.1
2024-03-27T10:34:00.000Z,zone-b,pressure,992.9
2024-03-27T16:20:00.000Z,zone-b,light,604.2
2024-03-27T16:31:00.000Z,zone-a,pressure,1000.5
2024-03-27T17:35:00.000Z,zone-c,humidity,59.8
2024-03-27T17:39:00.000Z,zone-c,pressure,1017.4
2024-03-27T18:17:00.000Z,zone-d,humidity,71.8
2024-03-27T18:57:00.000Z,zone-b,light,640.3
2024-03-27T19:18:00.000Z,zone-a,light,865.6
2024-03-27T20:55:00.000Z,zone-b,humidity,40.6
2024-03-27T22:33:00.000Z,zone-d,temperature,19.8
2024-03-28T02:29:00.000Z,zone-b,pressure,992.7
2024-03-28T07:12:00.000Z,zone-c,pressure,1003.6
2024-03-28T09:27:00.000Z,zone-c,humidity,40.3
2024-03-28T09:35:00.000Z,zone-d,light,330.9
2024-03-28T11:06:00.000Z,zone-a,humidity,70.7
2024-03-28T13:50:00.000Z,zone-c,temperature,21.8
2024-03-28T14:09:00.000Z,zone-b,temperature,32.3
2024-03-28T14:29:00.000Z,zone-d,humidity,35.3
2024-03-28T15:14:00.000Z,zone-d,pressure,999.2
2024-03-28T17:27:00.000Z,zone-a,pressure,1015
2024-03-28T17:37:00.000Z,zone-c,light,116.1
2024-03-28T17:39:00.000Z,zone-a,temperature,27.6
2024-03-28T20:55:00.000Z,zone-c,light,493.4
2024-03-28T21:12:00.000Z,zone-d,light,489.5
2024-03-28T21:34:00.000Z,zone-a,temperature,24.2
2024-03-28T23:20:00.000Z,zone-b,temperature,23.8
2024-03-29T00:59:00.000Z,zone-c,temperature,31.7
2024-03-29T02:45:00.000Z,zone-c,humidity,78.2
2024-03-29T02:56:00.000Z,zone-c,pressure,1002
2024-03-29T03:05:00.000Z,zone-a,pressure,1011.1
2024-03-29T05:38:00.000Z,zone-b,pressure,1019.8
2024-03-29T06:21:00.000Z,zone-b,light,248
2024-03-29T09:57:00.000Z,zone-b,humidity,32.5
2024-03-29T10:52:00.000Z,zone-a,humidity,43.6
2024-03-29T11:12:00.000Z,zone-d,pressure,1010.5
2024-03-29T14:11:00.000Z,zone-a,light,497.4
2024-03-29T15:21:00.000Z,zone-d,humidity,45.5
2024-03-29T17:51:00.000Z,zone-d,temperature,22
2024-03-29T19:35:00.000Z,zone-a,light,330
2024-03-29T20:54:00.000Z,zone-c,temperature,26.2
2024-03-29T22:13:00.000Z,zone-a,pressure,997
2024-03-30T00:09:00.000Z,zone-c,light,323.2
2024-03-30T06:42:00.000Z,zone-b,pressure,996.3
2024-03-30T06:54:00.000Z,zone-c,pressure,1010.5
2024-03-30T07:14:00.000Z,zone-b,humidity,39
2024-03-30T08:27:00.000Z,zone-d,humidity,44.1
2024-03-30T09:43:00.000Z,zone-a,humidity,79.5
2024-03-30T09:55:00.000Z,zone-b,light,403.3
2024-03-30T12:41:00.000Z,zone-d,pressure,1016.7
2024-03-30T14:10:00.000Z,zone-d,light,334.8
2024-03-30T14:46:00.000Z,zone-c,humidity,79.1
2024-03-30T15:38:00.000Z,zone-d,temperature,24.8
2024-03-30T17:34:00.000Z,zone-b,temperature,20.8
2024-03-30T18:11:00.000Z,zone-a,temperature,30.1